subject_id,session_id,volume_id,binary_label,component_id,split
OAS1_0010,OAS1_0010_MR1,vol_0197fa9bf5ab,NonDemented,oasis1_comp_4fc714f7ce54,test
OAS1_0010,OAS1_0010_MR1,vol_0197fa9bf5ab,NonDemented,oasis1_comp_4fc714f7ce54,test
OAS1_0010,OAS1_0010_MR1,vol_0197fa9bf5ab,NonDemented,oasis1_comp_4fc714f7ce54,test
OAS1_0010,OAS1_0010_MR1,vol_0197fa9bf5ab,NonDemented,oasis1_comp_4fc714f7ce54,test
OAS1_0010,OAS1_0010_MR1,vol_0197fa9bf5ab,NonDemented,oasis1_comp_4fc714f7ce54,test
OAS1_0020,OAS1_0020_MR1,vol_1a32333dd310,NonDemented,oasis1_comp_acf88cec4239,test
OAS1_0020,OAS1_0020_MR1,vol_1a32333dd310,NonDemented,oasis1_comp_acf88cec4239,test
OAS1_0020,OAS1_0020_MR1,vol_1a32333dd310,NonDemented,oasis1_comp_acf88cec4239,test
OAS1_0020,OAS1_0020_MR1,vol_1a32333dd310,NonDemented,oasis1_comp_acf88cec4239,test
OAS1_0020,OAS1_0020_MR1,vol_1a32333dd310,NonDemented,oasis1_comp_acf88cec4239,test
OAS1_0031,OAS1_0031_MR1,vol_012ec7a79a74,Demented,oasis1_comp_dc2564aa46e4,test
OAS1_0031,OAS1_0031_MR1,vol_012ec7a79a74,Demented,oasis1_comp_dc2564aa46e4,test
OAS1_0031,OAS1_0031_MR1,vol_012ec7a79a74,Demented,oasis1_comp_dc2564aa46e4,test
OAS1_0031,OAS1_0031_MR1,vol_012ec7a79a74,Demented,oasis1_comp_dc2564aa46e4,test
OAS1_0031,OAS1_0031_MR1,vol_012ec7a79a74,Demented,oasis1_comp_dc2564aa46e4,test
OAS1_0066,OAS1_0066_MR1,vol_14793f27e6e5,Demented,oasis1_comp_7201b9f32ad4,test
OAS1_0066,OAS1_0066_MR1,vol_14793f27e6e5,Demented,oasis1_comp_7201b9f32ad4,test
OAS1_0066,OAS1_0066_MR1,vol_14793f27e6e5,Demented,oasis1_comp_7201b9f32ad4,test
OAS1_0066,OAS1_0066_MR1,vol_14793f27e6e5,Demented,oasis1_comp_7201b9f32ad4,test
OAS1_0066,OAS1_0066_MR1,vol_14793f27e6e5,Demented,oasis1_comp_7201b9f32ad4,test
OAS1_0067,OAS1_0067_MR1,vol_5f62439ed999,Demented,oasis1_comp_b6db3d75dfde,test
OAS1_0067,OAS1_0067_MR1,vol_5f62439ed999,Demented,oasis1_comp_b6db3d75dfde,test
OAS1_0067,OAS1_0067_MR1,vol_5f62439ed999,Demented,oasis1_comp_b6db3d75dfde,test
OAS1_0067,OAS1_0067_MR1,vol_5f62439ed999,Demented,oasis1_comp_b6db3d75dfde,test
OAS1_0067,OAS1_0067_MR1,vol_5f62439ed999,Demented,oasis1_comp_b6db3d75dfde,test
OAS1_0071,OAS1_0071_MR1,vol_7a8373d8c035,NonDemented,oasis1_comp_3fce60dbcb69,test
OAS1_0071,OAS1_0071_MR1,vol_7a8373d8c035,NonDemented,oasis1_comp_3fce60dbcb69,test
OAS1_0071,OAS1_0071_MR1,vol_7a8373d8c035,NonDemented,oasis1_comp_3fce60dbcb69,test
OAS1_0071,OAS1_0071_MR1,vol_7a8373d8c035,NonDemented,oasis1_comp_3fce60dbcb69,test
OAS1_0071,OAS1_0071_MR1,vol_7a8373d8c035,NonDemented,oasis1_comp_3fce60dbcb69,test
OAS1_0084,OAS1_0084_MR1,vol_25fa9ca19bbc,Demented,oasis1_comp_e878c86c9b57,test
OAS1_0084,OAS1_0084_MR1,vol_25fa9ca19bbc,Demented,oasis1_comp_e878c86c9b57,test
OAS1_0084,OAS1_0084_MR1,vol_25fa9ca19bbc,Demented,oasis1_comp_e878c86c9b57,test
OAS1_0084,OAS1_0084_MR1,vol_25fa9ca19bbc,Demented,oasis1_comp_e878c86c9b57,test
OAS1_0084,OAS1_0084_MR1,vol_25fa9ca19bbc,Demented,oasis1_comp_e878c86c9b57,test
OAS1_0106,OAS1_0106_MR1,vol_69b814bcb2be,NonDemented,oasis1_comp_aa471e94807a,test
OAS1_0106,OAS1_0106_MR1,vol_69b814bcb2be,NonDemented,oasis1_comp_aa471e94807a,test
OAS1_0106,OAS1_0106_MR1,vol_69b814bcb2be,NonDemented,oasis1_comp_aa471e94807a,test
OAS1_0106,OAS1_0106_MR1,vol_69b814bcb2be,NonDemented,oasis1_comp_aa471e94807a,test
OAS1_0106,OAS1_0106_MR1,vol_69b814bcb2be,NonDemented,oasis1_comp_aa471e94807a,test
OAS1_0110,OAS1_0110_MR1,vol_bbb0a594ab46,NonDemented,oasis1_comp_e00277a5b9ee,test
OAS1_0110,OAS1_0110_MR1,vol_bbb0a594ab46,NonDemented,oasis1_comp_e00277a5b9ee,test
OAS1_0110,OAS1_0110_MR1,vol_bbb0a594ab46,NonDemented,oasis1_comp_e00277a5b9ee,test
OAS1_0110,OAS1_0110_MR1,vol_bbb0a594ab46,NonDemented,oasis1_comp_e00277a5b9ee,test
OAS1_0110,OAS1_0110_MR1,vol_bbb0a594ab46,NonDemented,oasis1_comp_e00277a5b9ee,test
OAS1_0115,OAS1_0115_MR1,vol_f01ac51f39fa,Demented,oasis1_comp_39324791b839,test
OAS1_0115,OAS1_0115_MR1,vol_f01ac51f39fa,Demented,oasis1_comp_39324791b839,test
OAS1_0115,OAS1_0115_MR1,vol_f01ac51f39fa,Demented,oasis1_comp_39324791b839,test
OAS1_0115,OAS1_0115_MR1,vol_f01ac51f39fa,Demented,oasis1_comp_39324791b839,test
OAS1_0115,OAS1_0115_MR1,vol_f01ac51f39fa,Demented,oasis1_comp_39324791b839,test
OAS1_0116,OAS1_0116_MR1,vol_0ea11fa45d13,NonDemented,oasis1_comp_0a0f86cf9ecb,test
OAS1_0116,OAS1_0116_MR1,vol_0ea11fa45d13,NonDemented,oasis1_comp_0a0f86cf9ecb,test
OAS1_0116,OAS1_0116_MR1,vol_0ea11fa45d13,NonDemented,oasis1_comp_0a0f86cf9ecb,test
OAS1_0116,OAS1_0116_MR1,vol_0ea11fa45d13,NonDemented,oasis1_comp_0a0f86cf9ecb,test
OAS1_0116,OAS1_0116_MR1,vol_0ea11fa45d13,NonDemented,oasis1_comp_0a0f86cf9ecb,test
OAS1_0124,OAS1_0124_MR1,vol_85edd0c97c57,Demented,oasis1_comp_60686d7f50fd,test
OAS1_0124,OAS1_0124_MR1,vol_85edd0c97c57,Demented,oasis1_comp_60686d7f50fd,test
OAS1_0124,OAS1_0124_MR1,vol_85edd0c97c57,Demented,oasis1_comp_60686d7f50fd,test
OAS1_0124,OAS1_0124_MR1,vol_85edd0c97c57,Demented,oasis1_comp_60686d7f50fd,test
OAS1_0124,OAS1_0124_MR1,vol_85edd0c97c57,Demented,oasis1_comp_60686d7f50fd,test
OAS1_0135,OAS1_0135_MR1,vol_c4fdf02165ad,NonDemented,oasis1_comp_80a27ac0c994,test
OAS1_0135,OAS1_0135_MR1,vol_c4fdf02165ad,NonDemented,oasis1_comp_80a27ac0c994,test
OAS1_0135,OAS1_0135_MR1,vol_c4fdf02165ad,NonDemented,oasis1_comp_80a27ac0c994,test
OAS1_0135,OAS1_0135_MR1,vol_c4fdf02165ad,NonDemented,oasis1_comp_80a27ac0c994,test
OAS1_0135,OAS1_0135_MR1,vol_c4fdf02165ad,NonDemented,oasis1_comp_80a27ac0c994,test
OAS1_0180,OAS1_0180_MR1,vol_eaffec2ce06a,NonDemented,oasis1_comp_699fe45640bc,test
OAS1_0180,OAS1_0180_MR1,vol_eaffec2ce06a,NonDemented,oasis1_comp_699fe45640bc,test
OAS1_0180,OAS1_0180_MR1,vol_eaffec2ce06a,NonDemented,oasis1_comp_699fe45640bc,test
OAS1_0180,OAS1_0180_MR1,vol_eaffec2ce06a,NonDemented,oasis1_comp_699fe45640bc,test
OAS1_0180,OAS1_0180_MR1,vol_eaffec2ce06a,NonDemented,oasis1_comp_699fe45640bc,test
OAS1_0185,OAS1_0185_MR1,vol_4f7697e3b735,Demented,oasis1_comp_1477997577e9,test
OAS1_0185,OAS1_0185_MR1,vol_4f7697e3b735,Demented,oasis1_comp_1477997577e9,test
OAS1_0185,OAS1_0185_MR1,vol_4f7697e3b735,Demented,oasis1_comp_1477997577e9,test
OAS1_0185,OAS1_0185_MR1,vol_4f7697e3b735,Demented,oasis1_comp_1477997577e9,test
OAS1_0185,OAS1_0185_MR1,vol_4f7697e3b735,Demented,oasis1_comp_1477997577e9,test
OAS1_0186,OAS1_0186_MR1,vol_41607a1d88de,NonDemented,oasis1_comp_634f48ef84b0,test
OAS1_0186,OAS1_0186_MR1,vol_41607a1d88de,NonDemented,oasis1_comp_634f48ef84b0,test
OAS1_0186,OAS1_0186_MR1,vol_41607a1d88de,NonDemented,oasis1_comp_634f48ef84b0,test
OAS1_0186,OAS1_0186_MR1,vol_41607a1d88de,NonDemented,oasis1_comp_634f48ef84b0,test
OAS1_0186,OAS1_0186_MR1,vol_41607a1d88de,NonDemented,oasis1_comp_634f48ef84b0,test
OAS1_0199,OAS1_0199_MR1,vol_1d4ebc5dde67,NonDemented,oasis1_comp_878107f454f3,test
OAS1_0199,OAS1_0199_MR1,vol_1d4ebc5dde67,NonDemented,oasis1_comp_878107f454f3,test
OAS1_0199,OAS1_0199_MR1,vol_1d4ebc5dde67,NonDemented,oasis1_comp_878107f454f3,test
OAS1_0199,OAS1_0199_MR1,vol_1d4ebc5dde67,NonDemented,oasis1_comp_878107f454f3,test
OAS1_0199,OAS1_0199_MR1,vol_1d4ebc5dde67,NonDemented,oasis1_comp_878107f454f3,test
OAS1_0200,OAS1_0200_MR1,vol_7a1d5ff06200,NonDemented,oasis1_comp_339c95c23ee7,test
OAS1_0200,OAS1_0200_MR1,vol_7a1d5ff06200,NonDemented,oasis1_comp_339c95c23ee7,test
OAS1_0200,OAS1_0200_MR1,vol_7a1d5ff06200,NonDemented,oasis1_comp_339c95c23ee7,test
OAS1_0200,OAS1_0200_MR1,vol_7a1d5ff06200,NonDemented,oasis1_comp_339c95c23ee7,test
OAS1_0200,OAS1_0200_MR1,vol_7a1d5ff06200,NonDemented,oasis1_comp_339c95c23ee7,test
OAS1_0206,OAS1_0206_MR1,vol_8edefaf57e55,NonDemented,oasis1_comp_a3098fc29371,test
OAS1_0206,OAS1_0206_MR1,vol_8edefaf57e55,NonDemented,oasis1_comp_a3098fc29371,test
OAS1_0206,OAS1_0206_MR1,vol_8edefaf57e55,NonDemented,oasis1_comp_a3098fc29371,test
OAS1_0206,OAS1_0206_MR1,vol_8edefaf57e55,NonDemented,oasis1_comp_a3098fc29371,test
OAS1_0206,OAS1_0206_MR1,vol_8edefaf57e55,NonDemented,oasis1_comp_a3098fc29371,test
OAS1_0207,OAS1_0207_MR1,vol_db12127e3181,NonDemented,oasis1_comp_97d95b2bee73,test
OAS1_0207,OAS1_0207_MR1,vol_db12127e3181,NonDemented,oasis1_comp_97d95b2bee73,test
OAS1_0207,OAS1_0207_MR1,vol_db12127e3181,NonDemented,oasis1_comp_97d95b2bee73,test
OAS1_0207,OAS1_0207_MR1,vol_db12127e3181,NonDemented,oasis1_comp_97d95b2bee73,test
OAS1_0207,OAS1_0207_MR1,vol_db12127e3181,NonDemented,oasis1_comp_97d95b2bee73,test
OAS1_0243,OAS1_0243_MR1,vol_55d8f8ab93fd,Demented,oasis1_comp_8e32333cd222,test
OAS1_0243,OAS1_0243_MR1,vol_55d8f8ab93fd,Demented,oasis1_comp_8e32333cd222,test
OAS1_0243,OAS1_0243_MR1,vol_55d8f8ab93fd,Demented,oasis1_comp_8e32333cd222,test
OAS1_0243,OAS1_0243_MR1,vol_55d8f8ab93fd,Demented,oasis1_comp_8e32333cd222,test
OAS1_0243,OAS1_0243_MR1,vol_55d8f8ab93fd,Demented,oasis1_comp_8e32333cd222,test
OAS1_0244,OAS1_0244_MR1,vol_0bd685435224,NonDemented,oasis1_comp_bb0431caeca0,test
OAS1_0244,OAS1_0244_MR1,vol_0bd685435224,NonDemented,oasis1_comp_bb0431caeca0,test
OAS1_0244,OAS1_0244_MR1,vol_0bd685435224,NonDemented,oasis1_comp_bb0431caeca0,test
OAS1_0244,OAS1_0244_MR1,vol_0bd685435224,NonDemented,oasis1_comp_bb0431caeca0,test
OAS1_0244,OAS1_0244_MR1,vol_0bd685435224,NonDemented,oasis1_comp_bb0431caeca0,test
OAS1_0292,OAS1_0292_MR1,vol_e983e28e1d14,NonDemented,oasis1_comp_562fff364fe6,test
OAS1_0292,OAS1_0292_MR1,vol_e983e28e1d14,NonDemented,oasis1_comp_562fff364fe6,test
OAS1_0292,OAS1_0292_MR1,vol_e983e28e1d14,NonDemented,oasis1_comp_562fff364fe6,test
OAS1_0292,OAS1_0292_MR1,vol_e983e28e1d14,NonDemented,oasis1_comp_562fff364fe6,test
OAS1_0292,OAS1_0292_MR1,vol_e983e28e1d14,NonDemented,oasis1_comp_562fff364fe6,test
OAS1_0301,OAS1_0301_MR1,vol_b0d04a41b3b6,NonDemented,oasis1_comp_30a173854140,test
OAS1_0301,OAS1_0301_MR1,vol_b0d04a41b3b6,NonDemented,oasis1_comp_30a173854140,test
OAS1_0301,OAS1_0301_MR1,vol_b0d04a41b3b6,NonDemented,oasis1_comp_30a173854140,test
OAS1_0301,OAS1_0301_MR1,vol_b0d04a41b3b6,NonDemented,oasis1_comp_30a173854140,test
OAS1_0301,OAS1_0301_MR1,vol_b0d04a41b3b6,NonDemented,oasis1_comp_30a173854140,test
OAS1_0307,OAS1_0307_MR1,vol_4247b4e138bf,Demented,oasis1_comp_f29d9b996c10,test
OAS1_0307,OAS1_0307_MR1,vol_4247b4e138bf,Demented,oasis1_comp_f29d9b996c10,test
OAS1_0307,OAS1_0307_MR1,vol_4247b4e138bf,Demented,oasis1_comp_f29d9b996c10,test
OAS1_0307,OAS1_0307_MR1,vol_4247b4e138bf,Demented,oasis1_comp_f29d9b996c10,test
OAS1_0307,OAS1_0307_MR1,vol_4247b4e138bf,Demented,oasis1_comp_f29d9b996c10,test
OAS1_0315,OAS1_0315_MR1,vol_9dbbfd682af8,Demented,oasis1_comp_32a70d3b040a,test
OAS1_0315,OAS1_0315_MR1,vol_9dbbfd682af8,Demented,oasis1_comp_32a70d3b040a,test
OAS1_0315,OAS1_0315_MR1,vol_9dbbfd682af8,Demented,oasis1_comp_32a70d3b040a,test
OAS1_0315,OAS1_0315_MR1,vol_9dbbfd682af8,Demented,oasis1_comp_32a70d3b040a,test
OAS1_0315,OAS1_0315_MR1,vol_9dbbfd682af8,Demented,oasis1_comp_32a70d3b040a,test
OAS1_0339,OAS1_0339_MR1,vol_7c2c205dca90,Demented,oasis1_comp_4e2c8d2e04b0,test
OAS1_0339,OAS1_0339_MR1,vol_7c2c205dca90,Demented,oasis1_comp_4e2c8d2e04b0,test
OAS1_0339,OAS1_0339_MR1,vol_7c2c205dca90,Demented,oasis1_comp_4e2c8d2e04b0,test
OAS1_0339,OAS1_0339_MR1,vol_7c2c205dca90,Demented,oasis1_comp_4e2c8d2e04b0,test
OAS1_0339,OAS1_0339_MR1,vol_7c2c205dca90,Demented,oasis1_comp_4e2c8d2e04b0,test
OAS1_0356,OAS1_0356_MR1,vol_55f2bdfd4e75,NonDemented,oasis1_comp_64c396003b27,test
OAS1_0356,OAS1_0356_MR1,vol_55f2bdfd4e75,NonDemented,oasis1_comp_64c396003b27,test
OAS1_0356,OAS1_0356_MR1,vol_55f2bdfd4e75,NonDemented,oasis1_comp_64c396003b27,test
OAS1_0356,OAS1_0356_MR1,vol_55f2bdfd4e75,NonDemented,oasis1_comp_64c396003b27,test
OAS1_0356,OAS1_0356_MR1,vol_55f2bdfd4e75,NonDemented,oasis1_comp_64c396003b27,test
OAS1_0357,OAS1_0357_MR1,vol_bd7e8ac79514,NonDemented,oasis1_comp_3ec5ed2eda7c,test
OAS1_0357,OAS1_0357_MR1,vol_bd7e8ac79514,NonDemented,oasis1_comp_3ec5ed2eda7c,test
OAS1_0357,OAS1_0357_MR1,vol_bd7e8ac79514,NonDemented,oasis1_comp_3ec5ed2eda7c,test
OAS1_0357,OAS1_0357_MR1,vol_bd7e8ac79514,NonDemented,oasis1_comp_3ec5ed2eda7c,test
OAS1_0357,OAS1_0357_MR1,vol_bd7e8ac79514,NonDemented,oasis1_comp_3ec5ed2eda7c,test
OAS1_0365,OAS1_0365_MR1,vol_4416b945053e,NonDemented,oasis1_comp_73a4c0885c0e,test
OAS1_0365,OAS1_0365_MR1,vol_4416b945053e,NonDemented,oasis1_comp_73a4c0885c0e,test
OAS1_0365,OAS1_0365_MR1,vol_4416b945053e,NonDemented,oasis1_comp_73a4c0885c0e,test
OAS1_0365,OAS1_0365_MR1,vol_4416b945053e,NonDemented,oasis1_comp_73a4c0885c0e,test
OAS1_0365,OAS1_0365_MR1,vol_4416b945053e,NonDemented,oasis1_comp_73a4c0885c0e,test
OAS1_0371,OAS1_0371_MR1,vol_949a8d438319,NonDemented,oasis1_comp_5603ab77c565,test
OAS1_0371,OAS1_0371_MR1,vol_949a8d438319,NonDemented,oasis1_comp_5603ab77c565,test
OAS1_0371,OAS1_0371_MR1,vol_949a8d438319,NonDemented,oasis1_comp_5603ab77c565,test
OAS1_0371,OAS1_0371_MR1,vol_949a8d438319,NonDemented,oasis1_comp_5603ab77c565,test
OAS1_0371,OAS1_0371_MR1,vol_949a8d438319,NonDemented,oasis1_comp_5603ab77c565,test
OAS1_0399,OAS1_0399_MR1,vol_5bc6641a62e3,Demented,oasis1_comp_c1b9a2a12343,test
OAS1_0399,OAS1_0399_MR1,vol_5bc6641a62e3,Demented,oasis1_comp_c1b9a2a12343,test
OAS1_0399,OAS1_0399_MR1,vol_5bc6641a62e3,Demented,oasis1_comp_c1b9a2a12343,test
OAS1_0399,OAS1_0399_MR1,vol_5bc6641a62e3,Demented,oasis1_comp_c1b9a2a12343,test
OAS1_0399,OAS1_0399_MR1,vol_5bc6641a62e3,Demented,oasis1_comp_c1b9a2a12343,test
OAS1_0405,OAS1_0405_MR1,vol_b8ed57b6e27f,Demented,oasis1_comp_ead0c006f2f6,test
OAS1_0405,OAS1_0405_MR1,vol_b8ed57b6e27f,Demented,oasis1_comp_ead0c006f2f6,test
OAS1_0405,OAS1_0405_MR1,vol_b8ed57b6e27f,Demented,oasis1_comp_ead0c006f2f6,test
OAS1_0405,OAS1_0405_MR1,vol_b8ed57b6e27f,Demented,oasis1_comp_ead0c006f2f6,test
OAS1_0405,OAS1_0405_MR1,vol_b8ed57b6e27f,Demented,oasis1_comp_ead0c006f2f6,test
OAS1_0424,OAS1_0424_MR1,vol_430f69d0ad3c,Demented,oasis1_comp_c535dfbcbf75,test
OAS1_0424,OAS1_0424_MR1,vol_430f69d0ad3c,Demented,oasis1_comp_c535dfbcbf75,test
OAS1_0424,OAS1_0424_MR1,vol_430f69d0ad3c,Demented,oasis1_comp_c535dfbcbf75,test
OAS1_0424,OAS1_0424_MR1,vol_430f69d0ad3c,Demented,oasis1_comp_c535dfbcbf75,test
OAS1_0424,OAS1_0424_MR1,vol_430f69d0ad3c,Demented,oasis1_comp_c535dfbcbf75,test
OAS1_0451,OAS1_0451_MR1,vol_773365d9d49a,Demented,oasis1_comp_ecc72a31e82d,test
OAS1_0451,OAS1_0451_MR1,vol_773365d9d49a,Demented,oasis1_comp_ecc72a31e82d,test
OAS1_0451,OAS1_0451_MR1,vol_773365d9d49a,Demented,oasis1_comp_ecc72a31e82d,test
OAS1_0451,OAS1_0451_MR1,vol_773365d9d49a,Demented,oasis1_comp_ecc72a31e82d,test
OAS1_0451,OAS1_0451_MR1,vol_773365d9d49a,Demented,oasis1_comp_ecc72a31e82d,test
OAS1_0001,OAS1_0001_MR1,vol_64955d117710,NonDemented,oasis1_comp_d45af7887006,train
OAS1_0001,OAS1_0001_MR1,vol_64955d117710,NonDemented,oasis1_comp_d45af7887006,train
OAS1_0001,OAS1_0001_MR1,vol_64955d117710,NonDemented,oasis1_comp_d45af7887006,train
OAS1_0001,OAS1_0001_MR1,vol_64955d117710,NonDemented,oasis1_comp_d45af7887006,train
OAS1_0001,OAS1_0001_MR1,vol_64955d117710,NonDemented,oasis1_comp_d45af7887006,train
OAS1_0003,OAS1_0003_MR1,vol_36f6c6d04236,Demented,oasis1_comp_8620c083cb4c,train
OAS1_0003,OAS1_0003_MR1,vol_36f6c6d04236,Demented,oasis1_comp_8620c083cb4c,train
OAS1_0003,OAS1_0003_MR1,vol_36f6c6d04236,Demented,oasis1_comp_8620c083cb4c,train
OAS1_0003,OAS1_0003_MR1,vol_36f6c6d04236,Demented,oasis1_comp_8620c083cb4c,train
OAS1_0003,OAS1_0003_MR1,vol_36f6c6d04236,Demented,oasis1_comp_8620c083cb4c,train
OAS1_0011,OAS1_0011_MR1,vol_25436f738b75,NonDemented,oasis1_comp_f444d569ce68,train
OAS1_0011,OAS1_0011_MR1,vol_25436f738b75,NonDemented,oasis1_comp_f444d569ce68,train
OAS1_0011,OAS1_0011_MR1,vol_25436f738b75,NonDemented,oasis1_comp_f444d569ce68,train
OAS1_0011,OAS1_0011_MR1,vol_25436f738b75,NonDemented,oasis1_comp_f444d569ce68,train
OAS1_0011,OAS1_0011_MR1,vol_25436f738b75,NonDemented,oasis1_comp_f444d569ce68,train
OAS1_0013,OAS1_0013_MR1,vol_f86e4955e49d,NonDemented,oasis1_comp_208690a3a08a,train
OAS1_0013,OAS1_0013_MR1,vol_f86e4955e49d,NonDemented,oasis1_comp_208690a3a08a,train
OAS1_0013,OAS1_0013_MR1,vol_f86e4955e49d,NonDemented,oasis1_comp_208690a3a08a,train
OAS1_0013,OAS1_0013_MR1,vol_f86e4955e49d,NonDemented,oasis1_comp_208690a3a08a,train
OAS1_0013,OAS1_0013_MR1,vol_f86e4955e49d,NonDemented,oasis1_comp_208690a3a08a,train
OAS1_0015,OAS1_0015_MR1,vol_bf935221c819,Demented,oasis1_comp_85f892459d9e,train
OAS1_0015,OAS1_0015_MR1,vol_bf935221c819,Demented,oasis1_comp_85f892459d9e,train
OAS1_0015,OAS1_0015_MR1,vol_bf935221c819,Demented,oasis1_comp_85f892459d9e,train
OAS1_0015,OAS1_0015_MR1,vol_bf935221c819,Demented,oasis1_comp_85f892459d9e,train
OAS1_0015,OAS1_0015_MR1,vol_bf935221c819,Demented,oasis1_comp_85f892459d9e,train
OAS1_0016,OAS1_0016_MR1,vol_1d4328fede12,Demented,oasis1_comp_32a6171affc5,train
OAS1_0016,OAS1_0016_MR1,vol_1d4328fede12,Demented,oasis1_comp_32a6171affc5,train
OAS1_0016,OAS1_0016_MR1,vol_1d4328fede12,Demented,oasis1_comp_32a6171affc5,train
OAS1_0016,OAS1_0016_MR1,vol_1d4328fede12,Demented,oasis1_comp_32a6171affc5,train
OAS1_0016,OAS1_0016_MR1,vol_1d4328fede12,Demented,oasis1_comp_32a6171affc5,train
OAS1_0018,OAS1_0018_MR1,vol_1148eeb89e70,NonDemented,oasis1_comp_63b26304d995,train
OAS1_0018,OAS1_0018_MR1,vol_1148eeb89e70,NonDemented,oasis1_comp_63b26304d995,train
OAS1_0018,OAS1_0018_MR1,vol_1148eeb89e70,NonDemented,oasis1_comp_63b26304d995,train
OAS1_0018,OAS1_0018_MR1,vol_1148eeb89e70,NonDemented,oasis1_comp_63b26304d995,train
OAS1_0018,OAS1_0018_MR1,vol_1148eeb89e70,NonDemented,oasis1_comp_63b26304d995,train
OAS1_0019,OAS1_0019_MR1,vol_0b77e786751c,NonDemented,oasis1_comp_e66ebc21f59a,train
OAS1_0019,OAS1_0019_MR1,vol_0b77e786751c,NonDemented,oasis1_comp_e66ebc21f59a,train
OAS1_0019,OAS1_0019_MR1,vol_0b77e786751c,NonDemented,oasis1_comp_e66ebc21f59a,train
OAS1_0019,OAS1_0019_MR1,vol_0b77e786751c,NonDemented,oasis1_comp_e66ebc21f59a,train
OAS1_0019,OAS1_0019_MR1,vol_0b77e786751c,NonDemented,oasis1_comp_e66ebc21f59a,train
OAS1_0021,OAS1_0021_MR1,vol_3762fd8a3783,Demented,oasis1_comp_1c92bbe81a18,train
OAS1_0021,OAS1_0021_MR1,vol_3762fd8a3783,Demented,oasis1_comp_1c92bbe81a18,train
OAS1_0021,OAS1_0021_MR1,vol_3762fd8a3783,Demented,oasis1_comp_1c92bbe81a18,train
OAS1_0021,OAS1_0021_MR1,vol_3762fd8a3783,Demented,oasis1_comp_1c92bbe81a18,train
OAS1_0021,OAS1_0021_MR1,vol_3762fd8a3783,Demented,oasis1_comp_1c92bbe81a18,train
OAS1_0022,OAS1_0022_MR1,vol_94f4cbb01988,Demented,oasis1_comp_e9b3535bce1c,train
OAS1_0022,OAS1_0022_MR1,vol_94f4cbb01988,Demented,oasis1_comp_e9b3535bce1c,train
OAS1_0022,OAS1_0022_MR1,vol_94f4cbb01988,Demented,oasis1_comp_e9b3535bce1c,train
OAS1_0022,OAS1_0022_MR1,vol_94f4cbb01988,Demented,oasis1_comp_e9b3535bce1c,train
OAS1_0022,OAS1_0022_MR1,vol_94f4cbb01988,Demented,oasis1_comp_e9b3535bce1c,train
OAS1_0023,OAS1_0023_MR1,vol_e067f8a992af,Demented,oasis1_comp_4216d3970b74,train
OAS1_0023,OAS1_0023_MR1,vol_e067f8a992af,Demented,oasis1_comp_4216d3970b74,train
OAS1_0023,OAS1_0023_MR1,vol_e067f8a992af,Demented,oasis1_comp_4216d3970b74,train
OAS1_0023,OAS1_0023_MR1,vol_e067f8a992af,Demented,oasis1_comp_4216d3970b74,train
OAS1_0023,OAS1_0023_MR1,vol_e067f8a992af,Demented,oasis1_comp_4216d3970b74,train
OAS1_0026,OAS1_0026_MR1,vol_8dcf9de40984,NonDemented,oasis1_comp_4cb374001f9d,train
OAS1_0026,OAS1_0026_MR1,vol_8dcf9de40984,NonDemented,oasis1_comp_4cb374001f9d,train
OAS1_0026,OAS1_0026_MR1,vol_8dcf9de40984,NonDemented,oasis1_comp_4cb374001f9d,train
OAS1_0026,OAS1_0026_MR1,vol_8dcf9de40984,NonDemented,oasis1_comp_4cb374001f9d,train
OAS1_0026,OAS1_0026_MR1,vol_8dcf9de40984,NonDemented,oasis1_comp_4cb374001f9d,train
OAS1_0032,OAS1_0032_MR1,vol_35197b7fedf9,NonDemented,oasis1_comp_2220ff1ef87f,train
OAS1_0032,OAS1_0032_MR1,vol_35197b7fedf9,NonDemented,oasis1_comp_2220ff1ef87f,train
OAS1_0032,OAS1_0032_MR1,vol_35197b7fedf9,NonDemented,oasis1_comp_2220ff1ef87f,train
OAS1_0032,OAS1_0032_MR1,vol_35197b7fedf9,NonDemented,oasis1_comp_2220ff1ef87f,train
OAS1_0032,OAS1_0032_MR1,vol_35197b7fedf9,NonDemented,oasis1_comp_2220ff1ef87f,train
OAS1_0033,OAS1_0033_MR1,vol_cc078f7eff42,NonDemented,oasis1_comp_d84afd45d3a3,train
OAS1_0033,OAS1_0033_MR1,vol_cc078f7eff42,NonDemented,oasis1_comp_d84afd45d3a3,train
OAS1_0033,OAS1_0033_MR1,vol_cc078f7eff42,NonDemented,oasis1_comp_d84afd45d3a3,train
OAS1_0033,OAS1_0033_MR1,vol_cc078f7eff42,NonDemented,oasis1_comp_d84afd45d3a3,train
OAS1_0033,OAS1_0033_MR1,vol_cc078f7eff42,NonDemented,oasis1_comp_d84afd45d3a3,train
OAS1_0034,OAS1_0034_MR1,vol_578439128c47,NonDemented,oasis1_comp_40a9db446c02,train
OAS1_0034,OAS1_0034_MR1,vol_578439128c47,NonDemented,oasis1_comp_40a9db446c02,train
OAS1_0034,OAS1_0034_MR1,vol_578439128c47,NonDemented,oasis1_comp_40a9db446c02,train
OAS1_0034,OAS1_0034_MR1,vol_578439128c47,NonDemented,oasis1_comp_40a9db446c02,train
OAS1_0034,OAS1_0034_MR1,vol_578439128c47,NonDemented,oasis1_comp_40a9db446c02,train
OAS1_0035,OAS1_0035_MR1,vol_5371652e0db1,Demented,oasis1_comp_b4f99dee1d3c,train
OAS1_0035,OAS1_0035_MR1,vol_5371652e0db1,Demented,oasis1_comp_b4f99dee1d3c,train
OAS1_0035,OAS1_0035_MR1,vol_5371652e0db1,Demented,oasis1_comp_b4f99dee1d3c,train
OAS1_0035,OAS1_0035_MR1,vol_5371652e0db1,Demented,oasis1_comp_b4f99dee1d3c,train
OAS1_0035,OAS1_0035_MR1,vol_5371652e0db1,Demented,oasis1_comp_b4f99dee1d3c,train
OAS1_0041,OAS1_0041_MR1,vol_b5b1d9058247,Demented,oasis1_comp_72964a3c0ee2,train
OAS1_0041,OAS1_0041_MR1,vol_b5b1d9058247,Demented,oasis1_comp_72964a3c0ee2,train
OAS1_0041,OAS1_0041_MR1,vol_b5b1d9058247,Demented,oasis1_comp_72964a3c0ee2,train
OAS1_0041,OAS1_0041_MR1,vol_b5b1d9058247,Demented,oasis1_comp_72964a3c0ee2,train
OAS1_0041,OAS1_0041_MR1,vol_b5b1d9058247,Demented,oasis1_comp_72964a3c0ee2,train
OAS1_0044,OAS1_0044_MR1,vol_2b196be21d54,NonDemented,oasis1_comp_e9e10e73c03b,train
OAS1_0044,OAS1_0044_MR1,vol_2b196be21d54,NonDemented,oasis1_comp_e9e10e73c03b,train
OAS1_0044,OAS1_0044_MR1,vol_2b196be21d54,NonDemented,oasis1_comp_e9e10e73c03b,train
OAS1_0044,OAS1_0044_MR1,vol_2b196be21d54,NonDemented,oasis1_comp_e9e10e73c03b,train
OAS1_0044,OAS1_0044_MR1,vol_2b196be21d54,NonDemented,oasis1_comp_e9e10e73c03b,train
OAS1_0046,OAS1_0046_MR1,vol_cac58a26a3f2,Demented,oasis1_comp_dbfb81705584,train
OAS1_0046,OAS1_0046_MR1,vol_cac58a26a3f2,Demented,oasis1_comp_dbfb81705584,train
OAS1_0046,OAS1_0046_MR1,vol_cac58a26a3f2,Demented,oasis1_comp_dbfb81705584,train
OAS1_0046,OAS1_0046_MR1,vol_cac58a26a3f2,Demented,oasis1_comp_dbfb81705584,train
OAS1_0046,OAS1_0046_MR1,vol_cac58a26a3f2,Demented,oasis1_comp_dbfb81705584,train
OAS1_0052,OAS1_0052_MR1,vol_24c6280f9f8e,Demented,oasis1_comp_1278966516e5,train
OAS1_0052,OAS1_0052_MR1,vol_24c6280f9f8e,Demented,oasis1_comp_1278966516e5,train
OAS1_0052,OAS1_0052_MR1,vol_24c6280f9f8e,Demented,oasis1_comp_1278966516e5,train
OAS1_0052,OAS1_0052_MR1,vol_24c6280f9f8e,Demented,oasis1_comp_1278966516e5,train
OAS1_0052,OAS1_0052_MR1,vol_24c6280f9f8e,Demented,oasis1_comp_1278966516e5,train
OAS1_0053,OAS1_0053_MR1,vol_25ceda81b688,Demented,oasis1_comp_372fb9a676ef,train
OAS1_0053,OAS1_0053_MR1,vol_25ceda81b688,Demented,oasis1_comp_372fb9a676ef,train
OAS1_0053,OAS1_0053_MR1,vol_25ceda81b688,Demented,oasis1_comp_372fb9a676ef,train
OAS1_0053,OAS1_0053_MR1,vol_25ceda81b688,Demented,oasis1_comp_372fb9a676ef,train
OAS1_0053,OAS1_0053_MR1,vol_25ceda81b688,Demented,oasis1_comp_372fb9a676ef,train
OAS1_0056,OAS1_0056_MR1,vol_b8f38557f56a,Demented,oasis1_comp_ba3f0f4badeb,train
OAS1_0056,OAS1_0056_MR1,vol_b8f38557f56a,Demented,oasis1_comp_ba3f0f4badeb,train
OAS1_0056,OAS1_0056_MR1,vol_b8f38557f56a,Demented,oasis1_comp_ba3f0f4badeb,train
OAS1_0056,OAS1_0056_MR1,vol_b8f38557f56a,Demented,oasis1_comp_ba3f0f4badeb,train
OAS1_0056,OAS1_0056_MR1,vol_b8f38557f56a,Demented,oasis1_comp_ba3f0f4badeb,train
OAS1_0058,OAS1_0058_MR1,vol_cbd6938f028d,NonDemented,oasis1_comp_99e72b58af59,train
OAS1_0058,OAS1_0058_MR1,vol_cbd6938f028d,NonDemented,oasis1_comp_99e72b58af59,train
OAS1_0058,OAS1_0058_MR1,vol_cbd6938f028d,NonDemented,oasis1_comp_99e72b58af59,train
OAS1_0058,OAS1_0058_MR1,vol_cbd6938f028d,NonDemented,oasis1_comp_99e72b58af59,train
OAS1_0058,OAS1_0058_MR1,vol_cbd6938f028d,NonDemented,oasis1_comp_99e72b58af59,train
OAS1_0060,OAS1_0060_MR1,vol_3fbe9c6b5378,Demented,oasis1_comp_4b1a6ea35bfd,train
OAS1_0060,OAS1_0060_MR1,vol_3fbe9c6b5378,Demented,oasis1_comp_4b1a6ea35bfd,train
OAS1_0060,OAS1_0060_MR1,vol_3fbe9c6b5378,Demented,oasis1_comp_4b1a6ea35bfd,train
OAS1_0060,OAS1_0060_MR1,vol_3fbe9c6b5378,Demented,oasis1_comp_4b1a6ea35bfd,train
OAS1_0060,OAS1_0060_MR1,vol_3fbe9c6b5378,Demented,oasis1_comp_4b1a6ea35bfd,train
OAS1_0062,OAS1_0062_MR1,vol_0a542006aaed,NonDemented,oasis1_comp_41b7204a444e,train
OAS1_0062,OAS1_0062_MR1,vol_0a542006aaed,NonDemented,oasis1_comp_41b7204a444e,train
OAS1_0062,OAS1_0062_MR1,vol_0a542006aaed,NonDemented,oasis1_comp_41b7204a444e,train
OAS1_0062,OAS1_0062_MR1,vol_0a542006aaed,NonDemented,oasis1_comp_41b7204a444e,train
OAS1_0062,OAS1_0062_MR1,vol_0a542006aaed,NonDemented,oasis1_comp_41b7204a444e,train
OAS1_0065,OAS1_0065_MR1,vol_1dc083bf49e9,NonDemented,oasis1_comp_93d520389146,train
OAS1_0065,OAS1_0065_MR1,vol_1dc083bf49e9,NonDemented,oasis1_comp_93d520389146,train
OAS1_0065,OAS1_0065_MR1,vol_1dc083bf49e9,NonDemented,oasis1_comp_93d520389146,train
OAS1_0065,OAS1_0065_MR1,vol_1dc083bf49e9,NonDemented,oasis1_comp_93d520389146,train
OAS1_0065,OAS1_0065_MR1,vol_1dc083bf49e9,NonDemented,oasis1_comp_93d520389146,train
OAS1_0069,OAS1_0069_MR1,vol_84aeb6ae93e7,NonDemented,oasis1_comp_e4aa4b9cdb69,train
OAS1_0069,OAS1_0069_MR1,vol_84aeb6ae93e7,NonDemented,oasis1_comp_e4aa4b9cdb69,train
OAS1_0069,OAS1_0069_MR1,vol_84aeb6ae93e7,NonDemented,oasis1_comp_e4aa4b9cdb69,train
OAS1_0069,OAS1_0069_MR1,vol_84aeb6ae93e7,NonDemented,oasis1_comp_e4aa4b9cdb69,train
OAS1_0069,OAS1_0069_MR1,vol_84aeb6ae93e7,NonDemented,oasis1_comp_e4aa4b9cdb69,train
OAS1_0070,OAS1_0070_MR1,vol_7652740aaf1d,NonDemented,oasis1_comp_256f3bde81f7,train
OAS1_0070,OAS1_0070_MR1,vol_7652740aaf1d,NonDemented,oasis1_comp_256f3bde81f7,train
OAS1_0070,OAS1_0070_MR1,vol_7652740aaf1d,NonDemented,oasis1_comp_256f3bde81f7,train
OAS1_0070,OAS1_0070_MR1,vol_7652740aaf1d,NonDemented,oasis1_comp_256f3bde81f7,train
OAS1_0070,OAS1_0070_MR1,vol_7652740aaf1d,NonDemented,oasis1_comp_256f3bde81f7,train
OAS1_0072,OAS1_0072_MR1,vol_e8550816acbe,NonDemented,oasis1_comp_0fb39fa3c48d,train
OAS1_0072,OAS1_0072_MR1,vol_e8550816acbe,NonDemented,oasis1_comp_0fb39fa3c48d,train
OAS1_0072,OAS1_0072_MR1,vol_e8550816acbe,NonDemented,oasis1_comp_0fb39fa3c48d,train
OAS1_0072,OAS1_0072_MR1,vol_e8550816acbe,NonDemented,oasis1_comp_0fb39fa3c48d,train
OAS1_0072,OAS1_0072_MR1,vol_e8550816acbe,NonDemented,oasis1_comp_0fb39fa3c48d,train
OAS1_0073,OAS1_0073_MR1,vol_b3b2815190e4,Demented,oasis1_comp_48eb99e6432c,train
OAS1_0073,OAS1_0073_MR1,vol_b3b2815190e4,Demented,oasis1_comp_48eb99e6432c,train
OAS1_0073,OAS1_0073_MR1,vol_b3b2815190e4,Demented,oasis1_comp_48eb99e6432c,train
OAS1_0073,OAS1_0073_MR1,vol_b3b2815190e4,Demented,oasis1_comp_48eb99e6432c,train
OAS1_0073,OAS1_0073_MR1,vol_b3b2815190e4,Demented,oasis1_comp_48eb99e6432c,train
OAS1_0075,OAS1_0075_MR1,vol_8d54c7a18fe5,NonDemented,oasis1_comp_900b99530445,train
OAS1_0075,OAS1_0075_MR1,vol_8d54c7a18fe5,NonDemented,oasis1_comp_900b99530445,train
OAS1_0075,OAS1_0075_MR1,vol_8d54c7a18fe5,NonDemented,oasis1_comp_900b99530445,train
OAS1_0075,OAS1_0075_MR1,vol_8d54c7a18fe5,NonDemented,oasis1_comp_900b99530445,train
OAS1_0075,OAS1_0075_MR1,vol_8d54c7a18fe5,NonDemented,oasis1_comp_900b99530445,train
OAS1_0078,OAS1_0078_MR1,vol_26f9d71745e7,NonDemented,oasis1_comp_87c869a9f159,train
OAS1_0078,OAS1_0078_MR1,vol_26f9d71745e7,NonDemented,oasis1_comp_87c869a9f159,train
OAS1_0078,OAS1_0078_MR1,vol_26f9d71745e7,NonDemented,oasis1_comp_87c869a9f159,train
OAS1_0078,OAS1_0078_MR1,vol_26f9d71745e7,NonDemented,oasis1_comp_87c869a9f159,train
OAS1_0078,OAS1_0078_MR1,vol_26f9d71745e7,NonDemented,oasis1_comp_87c869a9f159,train
OAS1_0082,OAS1_0082_MR1,vol_5043bb1c012d,Demented,oasis1_comp_d665b3cc7ebd,train
OAS1_0082,OAS1_0082_MR1,vol_5043bb1c012d,Demented,oasis1_comp_d665b3cc7ebd,train
OAS1_0082,OAS1_0082_MR1,vol_5043bb1c012d,Demented,oasis1_comp_d665b3cc7ebd,train
OAS1_0082,OAS1_0082_MR1,vol_5043bb1c012d,Demented,oasis1_comp_d665b3cc7ebd,train
OAS1_0082,OAS1_0082_MR1,vol_5043bb1c012d,Demented,oasis1_comp_d665b3cc7ebd,train
OAS1_0083,OAS1_0083_MR1,vol_d354e8ef054c,NonDemented,oasis1_comp_8eb341d8f950,train
OAS1_0083,OAS1_0083_MR1,vol_d354e8ef054c,NonDemented,oasis1_comp_8eb341d8f950,train
OAS1_0083,OAS1_0083_MR1,vol_d354e8ef054c,NonDemented,oasis1_comp_8eb341d8f950,train
OAS1_0083,OAS1_0083_MR1,vol_d354e8ef054c,NonDemented,oasis1_comp_8eb341d8f950,train
OAS1_0083,OAS1_0083_MR1,vol_d354e8ef054c,NonDemented,oasis1_comp_8eb341d8f950,train
OAS1_0085,OAS1_0085_MR1,vol_d68bae843b47,NonDemented,oasis1_comp_075ee1777316,train
OAS1_0085,OAS1_0085_MR1,vol_d68bae843b47,NonDemented,oasis1_comp_075ee1777316,train
OAS1_0085,OAS1_0085_MR1,vol_d68bae843b47,NonDemented,oasis1_comp_075ee1777316,train
OAS1_0085,OAS1_0085_MR1,vol_d68bae843b47,NonDemented,oasis1_comp_075ee1777316,train
OAS1_0085,OAS1_0085_MR1,vol_d68bae843b47,NonDemented,oasis1_comp_075ee1777316,train
OAS1_0086,OAS1_0086_MR1,vol_b33afeacf195,NonDemented,oasis1_comp_78ccfff48f67,train
OAS1_0086,OAS1_0086_MR1,vol_b33afeacf195,NonDemented,oasis1_comp_78ccfff48f67,train
OAS1_0086,OAS1_0086_MR1,vol_b33afeacf195,NonDemented,oasis1_comp_78ccfff48f67,train
OAS1_0086,OAS1_0086_MR1,vol_b33afeacf195,NonDemented,oasis1_comp_78ccfff48f67,train
OAS1_0086,OAS1_0086_MR1,vol_b33afeacf195,NonDemented,oasis1_comp_78ccfff48f67,train
OAS1_0094,OAS1_0094_MR1,vol_941c66e374e7,Demented,oasis1_comp_ceb3f860d4f4,train
OAS1_0094,OAS1_0094_MR1,vol_941c66e374e7,Demented,oasis1_comp_ceb3f860d4f4,train
OAS1_0094,OAS1_0094_MR1,vol_941c66e374e7,Demented,oasis1_comp_ceb3f860d4f4,train
OAS1_0094,OAS1_0094_MR1,vol_941c66e374e7,Demented,oasis1_comp_ceb3f860d4f4,train
OAS1_0094,OAS1_0094_MR1,vol_941c66e374e7,Demented,oasis1_comp_ceb3f860d4f4,train
OAS1_0096,OAS1_0096_MR1,vol_d7cc072437de,NonDemented,oasis1_comp_b8533f439c4d,train
OAS1_0096,OAS1_0096_MR1,vol_d7cc072437de,NonDemented,oasis1_comp_b8533f439c4d,train
OAS1_0096,OAS1_0096_MR1,vol_d7cc072437de,NonDemented,oasis1_comp_b8533f439c4d,train
OAS1_0096,OAS1_0096_MR1,vol_d7cc072437de,NonDemented,oasis1_comp_b8533f439c4d,train
OAS1_0096,OAS1_0096_MR1,vol_d7cc072437de,NonDemented,oasis1_comp_b8533f439c4d,train
OAS1_0098,OAS1_0098_MR1,vol_b781d5181496,Demented,oasis1_comp_697ff9acb9f6,train
OAS1_0098,OAS1_0098_MR1,vol_b781d5181496,Demented,oasis1_comp_697ff9acb9f6,train
OAS1_0098,OAS1_0098_MR1,vol_b781d5181496,Demented,oasis1_comp_697ff9acb9f6,train
OAS1_0098,OAS1_0098_MR1,vol_b781d5181496,Demented,oasis1_comp_697ff9acb9f6,train
OAS1_0098,OAS1_0098_MR1,vol_b781d5181496,Demented,oasis1_comp_697ff9acb9f6,train
OAS1_0112,OAS1_0112_MR1,vol_51d82ea03687,NonDemented,oasis1_comp_d2922cab801a,train
OAS1_0112,OAS1_0112_MR1,vol_51d82ea03687,NonDemented,oasis1_comp_d2922cab801a,train
OAS1_0112,OAS1_0112_MR1,vol_51d82ea03687,NonDemented,oasis1_comp_d2922cab801a,train
OAS1_0112,OAS1_0112_MR1,vol_51d82ea03687,NonDemented,oasis1_comp_d2922cab801a,train
OAS1_0112,OAS1_0112_MR1,vol_51d82ea03687,NonDemented,oasis1_comp_d2922cab801a,train
OAS1_0113,OAS1_0113_MR1,vol_056fe8b1f03e,NonDemented,oasis1_comp_0fbe97b37c4a,train
OAS1_0113,OAS1_0113_MR1,vol_056fe8b1f03e,NonDemented,oasis1_comp_0fbe97b37c4a,train
OAS1_0113,OAS1_0113_MR1,vol_056fe8b1f03e,NonDemented,oasis1_comp_0fbe97b37c4a,train
OAS1_0113,OAS1_0113_MR1,vol_056fe8b1f03e,NonDemented,oasis1_comp_0fbe97b37c4a,train
OAS1_0113,OAS1_0113_MR1,vol_056fe8b1f03e,NonDemented,oasis1_comp_0fbe97b37c4a,train
OAS1_0114,OAS1_0114_MR1,vol_97309df8c524,NonDemented,oasis1_comp_b7d96dc0b142,train
OAS1_0114,OAS1_0114_MR1,vol_97309df8c524,NonDemented,oasis1_comp_b7d96dc0b142,train
OAS1_0114,OAS1_0114_MR1,vol_97309df8c524,NonDemented,oasis1_comp_b7d96dc0b142,train
OAS1_0114,OAS1_0114_MR1,vol_97309df8c524,NonDemented,oasis1_comp_b7d96dc0b142,train
OAS1_0114,OAS1_0114_MR1,vol_97309df8c524,NonDemented,oasis1_comp_b7d96dc0b142,train
OAS1_0120,OAS1_0120_MR1,vol_4b1ea8331c4c,Demented,oasis1_comp_4b8a493ef2ab,train
OAS1_0120,OAS1_0120_MR1,vol_4b1ea8331c4c,Demented,oasis1_comp_4b8a493ef2ab,train
OAS1_0120,OAS1_0120_MR1,vol_4b1ea8331c4c,Demented,oasis1_comp_4b8a493ef2ab,train
OAS1_0120,OAS1_0120_MR1,vol_4b1ea8331c4c,Demented,oasis1_comp_4b8a493ef2ab,train
OAS1_0120,OAS1_0120_MR1,vol_4b1ea8331c4c,Demented,oasis1_comp_4b8a493ef2ab,train
OAS1_0123,OAS1_0123_MR1,vol_7e0595ec2254,Demented,oasis1_comp_6ccac09fa939,train
OAS1_0123,OAS1_0123_MR1,vol_7e0595ec2254,Demented,oasis1_comp_6ccac09fa939,train
OAS1_0123,OAS1_0123_MR1,vol_7e0595ec2254,Demented,oasis1_comp_6ccac09fa939,train
OAS1_0123,OAS1_0123_MR1,vol_7e0595ec2254,Demented,oasis1_comp_6ccac09fa939,train
OAS1_0123,OAS1_0123_MR1,vol_7e0595ec2254,Demented,oasis1_comp_6ccac09fa939,train
OAS1_0130,OAS1_0130_MR1,vol_4f586b09e85c,NonDemented,oasis1_comp_f25569da2063,train
OAS1_0130,OAS1_0130_MR1,vol_4f586b09e85c,NonDemented,oasis1_comp_f25569da2063,train
OAS1_0130,OAS1_0130_MR1,vol_4f586b09e85c,NonDemented,oasis1_comp_f25569da2063,train
OAS1_0130,OAS1_0130_MR1,vol_4f586b09e85c,NonDemented,oasis1_comp_f25569da2063,train
OAS1_0130,OAS1_0130_MR1,vol_4f586b09e85c,NonDemented,oasis1_comp_f25569da2063,train
OAS1_0133,OAS1_0133_MR1,vol_7c775afd60eb,NonDemented,oasis1_comp_fc909ea8301d,train
OAS1_0133,OAS1_0133_MR1,vol_7c775afd60eb,NonDemented,oasis1_comp_fc909ea8301d,train
OAS1_0133,OAS1_0133_MR1,vol_7c775afd60eb,NonDemented,oasis1_comp_fc909ea8301d,train
OAS1_0133,OAS1_0133_MR1,vol_7c775afd60eb,NonDemented,oasis1_comp_fc909ea8301d,train
OAS1_0133,OAS1_0133_MR1,vol_7c775afd60eb,NonDemented,oasis1_comp_fc909ea8301d,train
OAS1_0137,OAS1_0137_MR1,vol_a0996599d9f3,Demented,oasis1_comp_57c0f7afed09,train
OAS1_0137,OAS1_0137_MR1,vol_a0996599d9f3,Demented,oasis1_comp_57c0f7afed09,train
OAS1_0137,OAS1_0137_MR1,vol_a0996599d9f3,Demented,oasis1_comp_57c0f7afed09,train
OAS1_0137,OAS1_0137_MR1,vol_a0996599d9f3,Demented,oasis1_comp_57c0f7afed09,train
OAS1_0137,OAS1_0137_MR1,vol_a0996599d9f3,Demented,oasis1_comp_57c0f7afed09,train
OAS1_0138,OAS1_0138_MR1,vol_3e25bb1361d9,NonDemented,oasis1_comp_b1bbad2cd8f8,train
OAS1_0138,OAS1_0138_MR1,vol_3e25bb1361d9,NonDemented,oasis1_comp_b1bbad2cd8f8,train
OAS1_0138,OAS1_0138_MR1,vol_3e25bb1361d9,NonDemented,oasis1_comp_b1bbad2cd8f8,train
OAS1_0138,OAS1_0138_MR1,vol_3e25bb1361d9,NonDemented,oasis1_comp_b1bbad2cd8f8,train
OAS1_0138,OAS1_0138_MR1,vol_3e25bb1361d9,NonDemented,oasis1_comp_b1bbad2cd8f8,train
OAS1_0139,OAS1_0139_MR1,vol_d3874b2be95d,NonDemented,oasis1_comp_8a23279cd0cd,train
OAS1_0139,OAS1_0139_MR1,vol_d3874b2be95d,NonDemented,oasis1_comp_8a23279cd0cd,train
OAS1_0139,OAS1_0139_MR1,vol_d3874b2be95d,NonDemented,oasis1_comp_8a23279cd0cd,train
OAS1_0139,OAS1_0139_MR1,vol_d3874b2be95d,NonDemented,oasis1_comp_8a23279cd0cd,train
OAS1_0139,OAS1_0139_MR1,vol_d3874b2be95d,NonDemented,oasis1_comp_8a23279cd0cd,train
OAS1_0142,OAS1_0142_MR1,vol_5c4616ee6a75,Demented,oasis1_comp_70377e0b6cd9,train
OAS1_0142,OAS1_0142_MR1,vol_5c4616ee6a75,Demented,oasis1_comp_70377e0b6cd9,train
OAS1_0142,OAS1_0142_MR1,vol_5c4616ee6a75,Demented,oasis1_comp_70377e0b6cd9,train
OAS1_0142,OAS1_0142_MR1,vol_5c4616ee6a75,Demented,oasis1_comp_70377e0b6cd9,train
OAS1_0142,OAS1_0142_MR1,vol_5c4616ee6a75,Demented,oasis1_comp_70377e0b6cd9,train
OAS1_0143,OAS1_0143_MR1,vol_b95ae8d2d826,Demented,oasis1_comp_ead988b013bd,train
OAS1_0143,OAS1_0143_MR1,vol_b95ae8d2d826,Demented,oasis1_comp_ead988b013bd,train
OAS1_0143,OAS1_0143_MR1,vol_b95ae8d2d826,Demented,oasis1_comp_ead988b013bd,train
OAS1_0143,OAS1_0143_MR1,vol_b95ae8d2d826,Demented,oasis1_comp_ead988b013bd,train
OAS1_0143,OAS1_0143_MR1,vol_b95ae8d2d826,Demented,oasis1_comp_ead988b013bd,train
OAS1_0146,OAS1_0146_MR1,vol_bce275f616cd,NonDemented,oasis1_comp_a806a73460ee,train
OAS1_0146,OAS1_0146_MR1,vol_bce275f616cd,NonDemented,oasis1_comp_a806a73460ee,train
OAS1_0146,OAS1_0146_MR1,vol_bce275f616cd,NonDemented,oasis1_comp_a806a73460ee,train
OAS1_0146,OAS1_0146_MR1,vol_bce275f616cd,NonDemented,oasis1_comp_a806a73460ee,train
OAS1_0146,OAS1_0146_MR1,vol_bce275f616cd,NonDemented,oasis1_comp_a806a73460ee,train
OAS1_0155,OAS1_0155_MR1,vol_6d98fbbc81f6,Demented,oasis1_comp_84970842617b,train
OAS1_0155,OAS1_0155_MR1,vol_6d98fbbc81f6,Demented,oasis1_comp_84970842617b,train
OAS1_0155,OAS1_0155_MR1,vol_6d98fbbc81f6,Demented,oasis1_comp_84970842617b,train
OAS1_0155,OAS1_0155_MR1,vol_6d98fbbc81f6,Demented,oasis1_comp_84970842617b,train
OAS1_0155,OAS1_0155_MR1,vol_6d98fbbc81f6,Demented,oasis1_comp_84970842617b,train
OAS1_0157,OAS1_0157_MR1,vol_c3b310f94b28,NonDemented,oasis1_comp_de5804a405bc,train
OAS1_0157,OAS1_0157_MR1,vol_c3b310f94b28,NonDemented,oasis1_comp_de5804a405bc,train
OAS1_0157,OAS1_0157_MR1,vol_c3b310f94b28,NonDemented,oasis1_comp_de5804a405bc,train
OAS1_0157,OAS1_0157_MR1,vol_c3b310f94b28,NonDemented,oasis1_comp_de5804a405bc,train
OAS1_0157,OAS1_0157_MR1,vol_c3b310f94b28,NonDemented,oasis1_comp_de5804a405bc,train
OAS1_0158,OAS1_0158_MR1,vol_dc0e87cf5404,Demented,oasis1_comp_88ce49dfc4e7,train
OAS1_0158,OAS1_0158_MR1,vol_dc0e87cf5404,Demented,oasis1_comp_88ce49dfc4e7,train
OAS1_0158,OAS1_0158_MR1,vol_dc0e87cf5404,Demented,oasis1_comp_88ce49dfc4e7,train
OAS1_0158,OAS1_0158_MR1,vol_dc0e87cf5404,Demented,oasis1_comp_88ce49dfc4e7,train
OAS1_0158,OAS1_0158_MR1,vol_dc0e87cf5404,Demented,oasis1_comp_88ce49dfc4e7,train
OAS1_0161,OAS1_0161_MR1,vol_59a9370958bc,Demented,oasis1_comp_6e5801fab89e,train
OAS1_0161,OAS1_0161_MR1,vol_59a9370958bc,Demented,oasis1_comp_6e5801fab89e,train
OAS1_0161,OAS1_0161_MR1,vol_59a9370958bc,Demented,oasis1_comp_6e5801fab89e,train
OAS1_0161,OAS1_0161_MR1,vol_59a9370958bc,Demented,oasis1_comp_6e5801fab89e,train
OAS1_0161,OAS1_0161_MR1,vol_59a9370958bc,Demented,oasis1_comp_6e5801fab89e,train
OAS1_0164,OAS1_0164_MR1,vol_4b0a7630ac84,Demented,oasis1_comp_a85091bb95ad,train
OAS1_0164,OAS1_0164_MR1,vol_4b0a7630ac84,Demented,oasis1_comp_a85091bb95ad,train
OAS1_0164,OAS1_0164_MR1,vol_4b0a7630ac84,Demented,oasis1_comp_a85091bb95ad,train
OAS1_0164,OAS1_0164_MR1,vol_4b0a7630ac84,Demented,oasis1_comp_a85091bb95ad,train
OAS1_0164,OAS1_0164_MR1,vol_4b0a7630ac84,Demented,oasis1_comp_a85091bb95ad,train
OAS1_0165,OAS1_0165_MR1,vol_80be02cadcb1,NonDemented,oasis1_comp_d6d16b048ce4,train
OAS1_0165,OAS1_0165_MR1,vol_80be02cadcb1,NonDemented,oasis1_comp_d6d16b048ce4,train
OAS1_0165,OAS1_0165_MR1,vol_80be02cadcb1,NonDemented,oasis1_comp_d6d16b048ce4,train
OAS1_0165,OAS1_0165_MR1,vol_80be02cadcb1,NonDemented,oasis1_comp_d6d16b048ce4,train
OAS1_0165,OAS1_0165_MR1,vol_80be02cadcb1,NonDemented,oasis1_comp_d6d16b048ce4,train
OAS1_0166,OAS1_0166_MR1,vol_d053a3065c8b,Demented,oasis1_comp_a86a672e7ed2,train
OAS1_0166,OAS1_0166_MR1,vol_d053a3065c8b,Demented,oasis1_comp_a86a672e7ed2,train
OAS1_0166,OAS1_0166_MR1,vol_d053a3065c8b,Demented,oasis1_comp_a86a672e7ed2,train
OAS1_0166,OAS1_0166_MR1,vol_d053a3065c8b,Demented,oasis1_comp_a86a672e7ed2,train
OAS1_0166,OAS1_0166_MR1,vol_d053a3065c8b,Demented,oasis1_comp_a86a672e7ed2,train
OAS1_0169,OAS1_0169_MR1,vol_f7c97382aa0b,NonDemented,oasis1_comp_6d20a7795768,train
OAS1_0169,OAS1_0169_MR1,vol_f7c97382aa0b,NonDemented,oasis1_comp_6d20a7795768,train
OAS1_0169,OAS1_0169_MR1,vol_f7c97382aa0b,NonDemented,oasis1_comp_6d20a7795768,train
OAS1_0169,OAS1_0169_MR1,vol_f7c97382aa0b,NonDemented,oasis1_comp_6d20a7795768,train
OAS1_0169,OAS1_0169_MR1,vol_f7c97382aa0b,NonDemented,oasis1_comp_6d20a7795768,train
OAS1_0170,OAS1_0170_MR1,vol_1c87233f601d,NonDemented,oasis1_comp_b05ffdfeee80,train
OAS1_0170,OAS1_0170_MR1,vol_1c87233f601d,NonDemented,oasis1_comp_b05ffdfeee80,train
OAS1_0170,OAS1_0170_MR1,vol_1c87233f601d,NonDemented,oasis1_comp_b05ffdfeee80,train
OAS1_0170,OAS1_0170_MR1,vol_1c87233f601d,NonDemented,oasis1_comp_b05ffdfeee80,train
OAS1_0170,OAS1_0170_MR1,vol_1c87233f601d,NonDemented,oasis1_comp_b05ffdfeee80,train
OAS1_0176,OAS1_0176_MR1,vol_f2eabfd225e2,NonDemented,oasis1_comp_e283176b863c,train
OAS1_0176,OAS1_0176_MR1,vol_f2eabfd225e2,NonDemented,oasis1_comp_e283176b863c,train
OAS1_0176,OAS1_0176_MR1,vol_f2eabfd225e2,NonDemented,oasis1_comp_e283176b863c,train
OAS1_0176,OAS1_0176_MR1,vol_f2eabfd225e2,NonDemented,oasis1_comp_e283176b863c,train
OAS1_0176,OAS1_0176_MR1,vol_f2eabfd225e2,NonDemented,oasis1_comp_e283176b863c,train
OAS1_0177,OAS1_0177_MR1,vol_0dfc27c5be54,NonDemented,oasis1_comp_46e17c678a83,train
OAS1_0177,OAS1_0177_MR1,vol_0dfc27c5be54,NonDemented,oasis1_comp_46e17c678a83,train
OAS1_0177,OAS1_0177_MR1,vol_0dfc27c5be54,NonDemented,oasis1_comp_46e17c678a83,train
OAS1_0177,OAS1_0177_MR1,vol_0dfc27c5be54,NonDemented,oasis1_comp_46e17c678a83,train
OAS1_0177,OAS1_0177_MR1,vol_0dfc27c5be54,NonDemented,oasis1_comp_46e17c678a83,train
OAS1_0179,OAS1_0179_MR1,vol_36e93b07e952,Demented,oasis1_comp_b6ec7af0781c,train
OAS1_0179,OAS1_0179_MR1,vol_36e93b07e952,Demented,oasis1_comp_b6ec7af0781c,train
OAS1_0179,OAS1_0179_MR1,vol_36e93b07e952,Demented,oasis1_comp_b6ec7af0781c,train
OAS1_0179,OAS1_0179_MR1,vol_36e93b07e952,Demented,oasis1_comp_b6ec7af0781c,train
OAS1_0179,OAS1_0179_MR1,vol_36e93b07e952,Demented,oasis1_comp_b6ec7af0781c,train
OAS1_0188,OAS1_0188_MR1,vol_9ac93ce0c117,NonDemented,oasis1_comp_379a44eeb05d,train
OAS1_0188,OAS1_0188_MR1,vol_9ac93ce0c117,NonDemented,oasis1_comp_379a44eeb05d,train
OAS1_0188,OAS1_0188_MR1,vol_9ac93ce0c117,NonDemented,oasis1_comp_379a44eeb05d,train
OAS1_0188,OAS1_0188_MR1,vol_9ac93ce0c117,NonDemented,oasis1_comp_379a44eeb05d,train
OAS1_0188,OAS1_0188_MR1,vol_9ac93ce0c117,NonDemented,oasis1_comp_379a44eeb05d,train
OAS1_0195,OAS1_0195_MR1,vol_04a36a1f76c2,NonDemented,oasis1_comp_dc308422dfea,train
OAS1_0195,OAS1_0195_MR1,vol_04a36a1f76c2,NonDemented,oasis1_comp_dc308422dfea,train
OAS1_0195,OAS1_0195_MR1,vol_04a36a1f76c2,NonDemented,oasis1_comp_dc308422dfea,train
OAS1_0195,OAS1_0195_MR1,vol_04a36a1f76c2,NonDemented,oasis1_comp_dc308422dfea,train
OAS1_0195,OAS1_0195_MR1,vol_04a36a1f76c2,NonDemented,oasis1_comp_dc308422dfea,train
OAS1_0197,OAS1_0197_MR1,vol_c8a171b93114,NonDemented,oasis1_comp_1890c43be39c,train
OAS1_0197,OAS1_0197_MR1,vol_c8a171b93114,NonDemented,oasis1_comp_1890c43be39c,train
OAS1_0197,OAS1_0197_MR1,vol_c8a171b93114,NonDemented,oasis1_comp_1890c43be39c,train
OAS1_0197,OAS1_0197_MR1,vol_c8a171b93114,NonDemented,oasis1_comp_1890c43be39c,train
OAS1_0197,OAS1_0197_MR1,vol_c8a171b93114,NonDemented,oasis1_comp_1890c43be39c,train
OAS1_0201,OAS1_0201_MR1,vol_45498553505e,NonDemented,oasis1_comp_1ee8e7d83618,train
OAS1_0201,OAS1_0201_MR1,vol_45498553505e,NonDemented,oasis1_comp_1ee8e7d83618,train
OAS1_0201,OAS1_0201_MR1,vol_45498553505e,NonDemented,oasis1_comp_1ee8e7d83618,train
OAS1_0201,OAS1_0201_MR1,vol_45498553505e,NonDemented,oasis1_comp_1ee8e7d83618,train
OAS1_0201,OAS1_0201_MR1,vol_45498553505e,NonDemented,oasis1_comp_1ee8e7d83618,train
OAS1_0203,OAS1_0203_MR1,vol_f0c473158e72,NonDemented,oasis1_comp_f89a8b4785dc,train
OAS1_0203,OAS1_0203_MR1,vol_f0c473158e72,NonDemented,oasis1_comp_f89a8b4785dc,train
OAS1_0203,OAS1_0203_MR1,vol_f0c473158e72,NonDemented,oasis1_comp_f89a8b4785dc,train
OAS1_0203,OAS1_0203_MR1,vol_f0c473158e72,NonDemented,oasis1_comp_f89a8b4785dc,train
OAS1_0203,OAS1_0203_MR1,vol_f0c473158e72,NonDemented,oasis1_comp_f89a8b4785dc,train
OAS1_0204,OAS1_0204_MR1,vol_e4be5fa8589b,NonDemented,oasis1_comp_5db6f5f47fe3,train
OAS1_0204,OAS1_0204_MR1,vol_e4be5fa8589b,NonDemented,oasis1_comp_5db6f5f47fe3,train
OAS1_0204,OAS1_0204_MR1,vol_e4be5fa8589b,NonDemented,oasis1_comp_5db6f5f47fe3,train
OAS1_0204,OAS1_0204_MR1,vol_e4be5fa8589b,NonDemented,oasis1_comp_5db6f5f47fe3,train
OAS1_0204,OAS1_0204_MR1,vol_e4be5fa8589b,NonDemented,oasis1_comp_5db6f5f47fe3,train
OAS1_0205,OAS1_0205_MR1,vol_adfffb786997,Demented,oasis1_comp_15b1a947ddb1,train
OAS1_0205,OAS1_0205_MR1,vol_adfffb786997,Demented,oasis1_comp_15b1a947ddb1,train
OAS1_0205,OAS1_0205_MR1,vol_adfffb786997,Demented,oasis1_comp_15b1a947ddb1,train
OAS1_0205,OAS1_0205_MR1,vol_adfffb786997,Demented,oasis1_comp_15b1a947ddb1,train
OAS1_0205,OAS1_0205_MR1,vol_adfffb786997,Demented,oasis1_comp_15b1a947ddb1,train
OAS1_0208,OAS1_0208_MR1,vol_611068298673,NonDemented,oasis1_comp_1104339df722,train
OAS1_0208,OAS1_0208_MR1,vol_611068298673,NonDemented,oasis1_comp_1104339df722,train
OAS1_0208,OAS1_0208_MR1,vol_611068298673,NonDemented,oasis1_comp_1104339df722,train
OAS1_0208,OAS1_0208_MR1,vol_611068298673,NonDemented,oasis1_comp_1104339df722,train
OAS1_0208,OAS1_0208_MR1,vol_611068298673,NonDemented,oasis1_comp_1104339df722,train
OAS1_0210,OAS1_0210_MR1,vol_802086ca1b71,Demented,oasis1_comp_9b5c7563fa1c,train
OAS1_0210,OAS1_0210_MR1,vol_802086ca1b71,Demented,oasis1_comp_9b5c7563fa1c,train
OAS1_0210,OAS1_0210_MR1,vol_802086ca1b71,Demented,oasis1_comp_9b5c7563fa1c,train
OAS1_0210,OAS1_0210_MR1,vol_802086ca1b71,Demented,oasis1_comp_9b5c7563fa1c,train
OAS1_0210,OAS1_0210_MR1,vol_802086ca1b71,Demented,oasis1_comp_9b5c7563fa1c,train
OAS1_0216,OAS1_0216_MR1,vol_e93684ff5ec8,NonDemented,oasis1_comp_9b1d83af57e0,train
OAS1_0216,OAS1_0216_MR1,vol_e93684ff5ec8,NonDemented,oasis1_comp_9b1d83af57e0,train
OAS1_0216,OAS1_0216_MR1,vol_e93684ff5ec8,NonDemented,oasis1_comp_9b1d83af57e0,train
OAS1_0216,OAS1_0216_MR1,vol_e93684ff5ec8,NonDemented,oasis1_comp_9b1d83af57e0,train
OAS1_0216,OAS1_0216_MR1,vol_e93684ff5ec8,NonDemented,oasis1_comp_9b1d83af57e0,train
OAS1_0217,OAS1_0217_MR1,vol_fbdd9e88e6a5,Demented,oasis1_comp_463f0327f0bc,train
OAS1_0217,OAS1_0217_MR1,vol_fbdd9e88e6a5,Demented,oasis1_comp_463f0327f0bc,train
OAS1_0217,OAS1_0217_MR1,vol_fbdd9e88e6a5,Demented,oasis1_comp_463f0327f0bc,train
OAS1_0217,OAS1_0217_MR1,vol_fbdd9e88e6a5,Demented,oasis1_comp_463f0327f0bc,train
OAS1_0217,OAS1_0217_MR1,vol_fbdd9e88e6a5,Demented,oasis1_comp_463f0327f0bc,train
OAS1_0220,OAS1_0220_MR1,vol_e13f08023012,NonDemented,oasis1_comp_8bebcdce7721,train
OAS1_0220,OAS1_0220_MR1,vol_e13f08023012,NonDemented,oasis1_comp_8bebcdce7721,train
OAS1_0220,OAS1_0220_MR1,vol_e13f08023012,NonDemented,oasis1_comp_8bebcdce7721,train
OAS1_0220,OAS1_0220_MR1,vol_e13f08023012,NonDemented,oasis1_comp_8bebcdce7721,train
OAS1_0220,OAS1_0220_MR1,vol_e13f08023012,NonDemented,oasis1_comp_8bebcdce7721,train
OAS1_0228,OAS1_0228_MR1,vol_ce77a4e7a0eb,NonDemented,oasis1_comp_c91d4ec5b2fd,train
OAS1_0228,OAS1_0228_MR1,vol_ce77a4e7a0eb,NonDemented,oasis1_comp_c91d4ec5b2fd,train
OAS1_0228,OAS1_0228_MR1,vol_ce77a4e7a0eb,NonDemented,oasis1_comp_c91d4ec5b2fd,train
OAS1_0228,OAS1_0228_MR1,vol_ce77a4e7a0eb,NonDemented,oasis1_comp_c91d4ec5b2fd,train
OAS1_0228,OAS1_0228_MR1,vol_ce77a4e7a0eb,NonDemented,oasis1_comp_c91d4ec5b2fd,train
OAS1_0229,OAS1_0229_MR1,vol_a9edb737a925,NonDemented,oasis1_comp_0bcb7c1388bb,train
OAS1_0229,OAS1_0229_MR1,vol_a9edb737a925,NonDemented,oasis1_comp_0bcb7c1388bb,train
OAS1_0229,OAS1_0229_MR1,vol_a9edb737a925,NonDemented,oasis1_comp_0bcb7c1388bb,train
OAS1_0229,OAS1_0229_MR1,vol_a9edb737a925,NonDemented,oasis1_comp_0bcb7c1388bb,train
OAS1_0229,OAS1_0229_MR1,vol_a9edb737a925,NonDemented,oasis1_comp_0bcb7c1388bb,train
OAS1_0233,OAS1_0233_MR1,vol_d606fe25c10d,Demented,oasis1_comp_6e89a32a6b8c,train
OAS1_0233,OAS1_0233_MR1,vol_d606fe25c10d,Demented,oasis1_comp_6e89a32a6b8c,train
OAS1_0233,OAS1_0233_MR1,vol_d606fe25c10d,Demented,oasis1_comp_6e89a32a6b8c,train
OAS1_0233,OAS1_0233_MR1,vol_d606fe25c10d,Demented,oasis1_comp_6e89a32a6b8c,train
OAS1_0233,OAS1_0233_MR1,vol_d606fe25c10d,Demented,oasis1_comp_6e89a32a6b8c,train
OAS1_0234,OAS1_0234_MR1,vol_1e57a7a68d50,NonDemented,oasis1_comp_58803a66a840,train
OAS1_0234,OAS1_0234_MR1,vol_1e57a7a68d50,NonDemented,oasis1_comp_58803a66a840,train
OAS1_0234,OAS1_0234_MR1,vol_1e57a7a68d50,NonDemented,oasis1_comp_58803a66a840,train
OAS1_0234,OAS1_0234_MR1,vol_1e57a7a68d50,NonDemented,oasis1_comp_58803a66a840,train
OAS1_0234,OAS1_0234_MR1,vol_1e57a7a68d50,NonDemented,oasis1_comp_58803a66a840,train
OAS1_0237,OAS1_0237_MR1,vol_cdc03255942d,NonDemented,oasis1_comp_ff19f1d9f373,train
OAS1_0237,OAS1_0237_MR1,vol_cdc03255942d,NonDemented,oasis1_comp_ff19f1d9f373,train
OAS1_0237,OAS1_0237_MR1,vol_cdc03255942d,NonDemented,oasis1_comp_ff19f1d9f373,train
OAS1_0237,OAS1_0237_MR1,vol_cdc03255942d,NonDemented,oasis1_comp_ff19f1d9f373,train
OAS1_0237,OAS1_0237_MR1,vol_cdc03255942d,NonDemented,oasis1_comp_ff19f1d9f373,train
OAS1_0238,OAS1_0238_MR1,vol_2815ddef492d,Demented,oasis1_comp_557e71247b40,train
OAS1_0238,OAS1_0238_MR1,vol_2815ddef492d,Demented,oasis1_comp_557e71247b40,train
OAS1_0238,OAS1_0238_MR1,vol_2815ddef492d,Demented,oasis1_comp_557e71247b40,train
OAS1_0238,OAS1_0238_MR1,vol_2815ddef492d,Demented,oasis1_comp_557e71247b40,train
OAS1_0238,OAS1_0238_MR1,vol_2815ddef492d,Demented,oasis1_comp_557e71247b40,train
OAS1_0241,OAS1_0241_MR1,vol_270f1692c034,NonDemented,oasis1_comp_a433b8023001,train
OAS1_0241,OAS1_0241_MR1,vol_270f1692c034,NonDemented,oasis1_comp_a433b8023001,train
OAS1_0241,OAS1_0241_MR1,vol_270f1692c034,NonDemented,oasis1_comp_a433b8023001,train
OAS1_0241,OAS1_0241_MR1,vol_270f1692c034,NonDemented,oasis1_comp_a433b8023001,train
OAS1_0241,OAS1_0241_MR1,vol_270f1692c034,NonDemented,oasis1_comp_a433b8023001,train
OAS1_0247,OAS1_0247_MR1,vol_7d05b1caf0e5,Demented,oasis1_comp_08571beeb3ac,train
OAS1_0247,OAS1_0247_MR1,vol_7d05b1caf0e5,Demented,oasis1_comp_08571beeb3ac,train
OAS1_0247,OAS1_0247_MR1,vol_7d05b1caf0e5,Demented,oasis1_comp_08571beeb3ac,train
OAS1_0247,OAS1_0247_MR1,vol_7d05b1caf0e5,Demented,oasis1_comp_08571beeb3ac,train
OAS1_0247,OAS1_0247_MR1,vol_7d05b1caf0e5,Demented,oasis1_comp_08571beeb3ac,train
OAS1_0254,OAS1_0254_MR1,vol_a95d7b9f9581,NonDemented,oasis1_comp_7b574ba9c3a5,train
OAS1_0254,OAS1_0254_MR1,vol_a95d7b9f9581,NonDemented,oasis1_comp_7b574ba9c3a5,train
OAS1_0254,OAS1_0254_MR1,vol_a95d7b9f9581,NonDemented,oasis1_comp_7b574ba9c3a5,train
OAS1_0254,OAS1_0254_MR1,vol_a95d7b9f9581,NonDemented,oasis1_comp_7b574ba9c3a5,train
OAS1_0254,OAS1_0254_MR1,vol_a95d7b9f9581,NonDemented,oasis1_comp_7b574ba9c3a5,train
OAS1_0256,OAS1_0256_MR1,vol_f15be5316afb,NonDemented,oasis1_comp_d1fd6778afe5,train
OAS1_0256,OAS1_0256_MR1,vol_f15be5316afb,NonDemented,oasis1_comp_d1fd6778afe5,train
OAS1_0256,OAS1_0256_MR1,vol_f15be5316afb,NonDemented,oasis1_comp_d1fd6778afe5,train
OAS1_0256,OAS1_0256_MR1,vol_f15be5316afb,NonDemented,oasis1_comp_d1fd6778afe5,train
OAS1_0256,OAS1_0256_MR1,vol_f15be5316afb,NonDemented,oasis1_comp_d1fd6778afe5,train
OAS1_0259,OAS1_0259_MR1,vol_4d07ed1458d1,NonDemented,oasis1_comp_ffceadfbb51c,train
OAS1_0259,OAS1_0259_MR1,vol_4d07ed1458d1,NonDemented,oasis1_comp_ffceadfbb51c,train
OAS1_0259,OAS1_0259_MR1,vol_4d07ed1458d1,NonDemented,oasis1_comp_ffceadfbb51c,train
OAS1_0259,OAS1_0259_MR1,vol_4d07ed1458d1,NonDemented,oasis1_comp_ffceadfbb51c,train
OAS1_0259,OAS1_0259_MR1,vol_4d07ed1458d1,NonDemented,oasis1_comp_ffceadfbb51c,train
OAS1_0260,OAS1_0260_MR1,vol_8b85f86b04da,NonDemented,oasis1_comp_f41d200df6cf,train
OAS1_0260,OAS1_0260_MR1,vol_8b85f86b04da,NonDemented,oasis1_comp_f41d200df6cf,train
OAS1_0260,OAS1_0260_MR1,vol_8b85f86b04da,NonDemented,oasis1_comp_f41d200df6cf,train
OAS1_0260,OAS1_0260_MR1,vol_8b85f86b04da,NonDemented,oasis1_comp_f41d200df6cf,train
OAS1_0260,OAS1_0260_MR1,vol_8b85f86b04da,NonDemented,oasis1_comp_f41d200df6cf,train
OAS1_0262,OAS1_0262_MR1,vol_103c04e0dcf1,NonDemented,oasis1_comp_e83a90acfbe1,train
OAS1_0262,OAS1_0262_MR1,vol_103c04e0dcf1,NonDemented,oasis1_comp_e83a90acfbe1,train
OAS1_0262,OAS1_0262_MR1,vol_103c04e0dcf1,NonDemented,oasis1_comp_e83a90acfbe1,train
OAS1_0262,OAS1_0262_MR1,vol_103c04e0dcf1,NonDemented,oasis1_comp_e83a90acfbe1,train
OAS1_0262,OAS1_0262_MR1,vol_103c04e0dcf1,NonDemented,oasis1_comp_e83a90acfbe1,train
OAS1_0263,OAS1_0263_MR1,vol_b8df25d2b86a,Demented,oasis1_comp_f762a3b4054c,train
OAS1_0263,OAS1_0263_MR1,vol_b8df25d2b86a,Demented,oasis1_comp_f762a3b4054c,train
OAS1_0263,OAS1_0263_MR1,vol_b8df25d2b86a,Demented,oasis1_comp_f762a3b4054c,train
OAS1_0263,OAS1_0263_MR1,vol_b8df25d2b86a,Demented,oasis1_comp_f762a3b4054c,train
OAS1_0263,OAS1_0263_MR1,vol_b8df25d2b86a,Demented,oasis1_comp_f762a3b4054c,train
OAS1_0266,OAS1_0266_MR1,vol_40a747fd7f6c,NonDemented,oasis1_comp_1cd28484b2ab,train
OAS1_0266,OAS1_0266_MR1,vol_40a747fd7f6c,NonDemented,oasis1_comp_1cd28484b2ab,train
OAS1_0266,OAS1_0266_MR1,vol_40a747fd7f6c,NonDemented,oasis1_comp_1cd28484b2ab,train
OAS1_0266,OAS1_0266_MR1,vol_40a747fd7f6c,NonDemented,oasis1_comp_1cd28484b2ab,train
OAS1_0266,OAS1_0266_MR1,vol_40a747fd7f6c,NonDemented,oasis1_comp_1cd28484b2ab,train
OAS1_0267,OAS1_0267_MR1,vol_76766f8eb991,Demented,oasis1_comp_1c3121ec1f32,train
OAS1_0267,OAS1_0267_MR1,vol_76766f8eb991,Demented,oasis1_comp_1c3121ec1f32,train
OAS1_0267,OAS1_0267_MR1,vol_76766f8eb991,Demented,oasis1_comp_1c3121ec1f32,train
OAS1_0267,OAS1_0267_MR1,vol_76766f8eb991,Demented,oasis1_comp_1c3121ec1f32,train
OAS1_0267,OAS1_0267_MR1,vol_76766f8eb991,Demented,oasis1_comp_1c3121ec1f32,train
OAS1_0268,OAS1_0268_MR1,vol_a8dae1d6db0b,Demented,oasis1_comp_bcdd98c3fe2f,train
OAS1_0268,OAS1_0268_MR1,vol_a8dae1d6db0b,Demented,oasis1_comp_bcdd98c3fe2f,train
OAS1_0268,OAS1_0268_MR1,vol_a8dae1d6db0b,Demented,oasis1_comp_bcdd98c3fe2f,train
OAS1_0268,OAS1_0268_MR1,vol_a8dae1d6db0b,Demented,oasis1_comp_bcdd98c3fe2f,train
OAS1_0268,OAS1_0268_MR1,vol_a8dae1d6db0b,Demented,oasis1_comp_bcdd98c3fe2f,train
OAS1_0270,OAS1_0270_MR1,vol_5e9e2f4c4f35,NonDemented,oasis1_comp_58462d8dd024,train
OAS1_0270,OAS1_0270_MR1,vol_5e9e2f4c4f35,NonDemented,oasis1_comp_58462d8dd024,train
OAS1_0270,OAS1_0270_MR1,vol_5e9e2f4c4f35,NonDemented,oasis1_comp_58462d8dd024,train
OAS1_0270,OAS1_0270_MR1,vol_5e9e2f4c4f35,NonDemented,oasis1_comp_58462d8dd024,train
OAS1_0270,OAS1_0270_MR1,vol_5e9e2f4c4f35,NonDemented,oasis1_comp_58462d8dd024,train
OAS1_0271,OAS1_0271_MR1,vol_b82dfc2faebc,NonDemented,oasis1_comp_8093b77baeb1,train
OAS1_0271,OAS1_0271_MR1,vol_b82dfc2faebc,NonDemented,oasis1_comp_8093b77baeb1,train
OAS1_0271,OAS1_0271_MR1,vol_b82dfc2faebc,NonDemented,oasis1_comp_8093b77baeb1,train
OAS1_0271,OAS1_0271_MR1,vol_b82dfc2faebc,NonDemented,oasis1_comp_8093b77baeb1,train
OAS1_0271,OAS1_0271_MR1,vol_b82dfc2faebc,NonDemented,oasis1_comp_8093b77baeb1,train
OAS1_0272,OAS1_0272_MR1,vol_da5f3b55fef1,Demented,oasis1_comp_2381cfc86783,train
OAS1_0272,OAS1_0272_MR1,vol_da5f3b55fef1,Demented,oasis1_comp_2381cfc86783,train
OAS1_0272,OAS1_0272_MR1,vol_da5f3b55fef1,Demented,oasis1_comp_2381cfc86783,train
OAS1_0272,OAS1_0272_MR1,vol_da5f3b55fef1,Demented,oasis1_comp_2381cfc86783,train
OAS1_0272,OAS1_0272_MR1,vol_da5f3b55fef1,Demented,oasis1_comp_2381cfc86783,train
OAS1_0273,OAS1_0273_MR1,vol_f5569afdc420,Demented,oasis1_comp_bdd1afee9f30,train
OAS1_0273,OAS1_0273_MR1,vol_f5569afdc420,Demented,oasis1_comp_bdd1afee9f30,train
OAS1_0273,OAS1_0273_MR1,vol_f5569afdc420,Demented,oasis1_comp_bdd1afee9f30,train
OAS1_0273,OAS1_0273_MR1,vol_f5569afdc420,Demented,oasis1_comp_bdd1afee9f30,train
OAS1_0273,OAS1_0273_MR1,vol_f5569afdc420,Demented,oasis1_comp_bdd1afee9f30,train
OAS1_0274,OAS1_0274_MR1,vol_ba25a701cc91,NonDemented,oasis1_comp_006189147cd8,train
OAS1_0274,OAS1_0274_MR1,vol_ba25a701cc91,NonDemented,oasis1_comp_006189147cd8,train
OAS1_0274,OAS1_0274_MR1,vol_ba25a701cc91,NonDemented,oasis1_comp_006189147cd8,train
OAS1_0274,OAS1_0274_MR1,vol_ba25a701cc91,NonDemented,oasis1_comp_006189147cd8,train
OAS1_0274,OAS1_0274_MR1,vol_ba25a701cc91,NonDemented,oasis1_comp_006189147cd8,train
OAS1_0278,OAS1_0278_MR1,vol_04c2e90ac602,Demented,oasis1_comp_bf748e88167c,train
OAS1_0278,OAS1_0278_MR1,vol_04c2e90ac602,Demented,oasis1_comp_bf748e88167c,train
OAS1_0278,OAS1_0278_MR1,vol_04c2e90ac602,Demented,oasis1_comp_bf748e88167c,train
OAS1_0278,OAS1_0278_MR1,vol_04c2e90ac602,Demented,oasis1_comp_bf748e88167c,train
OAS1_0278,OAS1_0278_MR1,vol_04c2e90ac602,Demented,oasis1_comp_bf748e88167c,train
OAS1_0279,OAS1_0279_MR1,vol_317e678e7179,NonDemented,oasis1_comp_3e4027eed15b,train
OAS1_0279,OAS1_0279_MR1,vol_317e678e7179,NonDemented,oasis1_comp_3e4027eed15b,train
OAS1_0279,OAS1_0279_MR1,vol_317e678e7179,NonDemented,oasis1_comp_3e4027eed15b,train
OAS1_0279,OAS1_0279_MR1,vol_317e678e7179,NonDemented,oasis1_comp_3e4027eed15b,train
OAS1_0279,OAS1_0279_MR1,vol_317e678e7179,NonDemented,oasis1_comp_3e4027eed15b,train
OAS1_0284,OAS1_0284_MR1,vol_d0dd0a13e153,NonDemented,oasis1_comp_d0627005ccdc,train
OAS1_0284,OAS1_0284_MR1,vol_d0dd0a13e153,NonDemented,oasis1_comp_d0627005ccdc,train
OAS1_0284,OAS1_0284_MR1,vol_d0dd0a13e153,NonDemented,oasis1_comp_d0627005ccdc,train
OAS1_0284,OAS1_0284_MR1,vol_d0dd0a13e153,NonDemented,oasis1_comp_d0627005ccdc,train
OAS1_0284,OAS1_0284_MR1,vol_d0dd0a13e153,NonDemented,oasis1_comp_d0627005ccdc,train
OAS1_0286,OAS1_0286_MR1,vol_b08b2dff2dff,Demented,oasis1_comp_0fdc54ebcd32,train
OAS1_0286,OAS1_0286_MR1,vol_b08b2dff2dff,Demented,oasis1_comp_0fdc54ebcd32,train
OAS1_0286,OAS1_0286_MR1,vol_b08b2dff2dff,Demented,oasis1_comp_0fdc54ebcd32,train
OAS1_0286,OAS1_0286_MR1,vol_b08b2dff2dff,Demented,oasis1_comp_0fdc54ebcd32,train
OAS1_0286,OAS1_0286_MR1,vol_b08b2dff2dff,Demented,oasis1_comp_0fdc54ebcd32,train
OAS1_0287,OAS1_0287_MR1,vol_c0dfce66670b,Demented,oasis1_comp_84e40b10205f,train
OAS1_0287,OAS1_0287_MR1,vol_c0dfce66670b,Demented,oasis1_comp_84e40b10205f,train
OAS1_0287,OAS1_0287_MR1,vol_c0dfce66670b,Demented,oasis1_comp_84e40b10205f,train
OAS1_0287,OAS1_0287_MR1,vol_c0dfce66670b,Demented,oasis1_comp_84e40b10205f,train
OAS1_0287,OAS1_0287_MR1,vol_c0dfce66670b,Demented,oasis1_comp_84e40b10205f,train
OAS1_0288,OAS1_0288_MR1,vol_d3d9e0943966,Demented,oasis1_comp_52095b13ff25,train
OAS1_0288,OAS1_0288_MR1,vol_d3d9e0943966,Demented,oasis1_comp_52095b13ff25,train
OAS1_0288,OAS1_0288_MR1,vol_d3d9e0943966,Demented,oasis1_comp_52095b13ff25,train
OAS1_0288,OAS1_0288_MR1,vol_d3d9e0943966,Demented,oasis1_comp_52095b13ff25,train
OAS1_0288,OAS1_0288_MR1,vol_d3d9e0943966,Demented,oasis1_comp_52095b13ff25,train
OAS1_0289,OAS1_0289_MR1,vol_9b88735461f5,NonDemented,oasis1_comp_45acf2c6f175,train
OAS1_0289,OAS1_0289_MR1,vol_9b88735461f5,NonDemented,oasis1_comp_45acf2c6f175,train
OAS1_0289,OAS1_0289_MR1,vol_9b88735461f5,NonDemented,oasis1_comp_45acf2c6f175,train
OAS1_0289,OAS1_0289_MR1,vol_9b88735461f5,NonDemented,oasis1_comp_45acf2c6f175,train
OAS1_0289,OAS1_0289_MR1,vol_9b88735461f5,NonDemented,oasis1_comp_45acf2c6f175,train
OAS1_0290,OAS1_0290_MR1,vol_dcaaa4a81026,Demented,oasis1_comp_81a901cfb648,train
OAS1_0290,OAS1_0290_MR1,vol_dcaaa4a81026,Demented,oasis1_comp_81a901cfb648,train
OAS1_0290,OAS1_0290_MR1,vol_dcaaa4a81026,Demented,oasis1_comp_81a901cfb648,train
OAS1_0290,OAS1_0290_MR1,vol_dcaaa4a81026,Demented,oasis1_comp_81a901cfb648,train
OAS1_0290,OAS1_0290_MR1,vol_dcaaa4a81026,Demented,oasis1_comp_81a901cfb648,train
OAS1_0291,OAS1_0291_MR1,vol_afa003c5008f,Demented,oasis1_comp_2304f906c681,train
OAS1_0291,OAS1_0291_MR1,vol_afa003c5008f,Demented,oasis1_comp_2304f906c681,train
OAS1_0291,OAS1_0291_MR1,vol_afa003c5008f,Demented,oasis1_comp_2304f906c681,train
OAS1_0291,OAS1_0291_MR1,vol_afa003c5008f,Demented,oasis1_comp_2304f906c681,train
OAS1_0291,OAS1_0291_MR1,vol_afa003c5008f,Demented,oasis1_comp_2304f906c681,train
OAS1_0293,OAS1_0293_MR1,vol_0fbfb974933e,NonDemented,oasis1_comp_4f24e646ffdc,train
OAS1_0293,OAS1_0293_MR1,vol_0fbfb974933e,NonDemented,oasis1_comp_4f24e646ffdc,train
OAS1_0293,OAS1_0293_MR1,vol_0fbfb974933e,NonDemented,oasis1_comp_4f24e646ffdc,train
OAS1_0293,OAS1_0293_MR1,vol_0fbfb974933e,NonDemented,oasis1_comp_4f24e646ffdc,train
OAS1_0293,OAS1_0293_MR1,vol_0fbfb974933e,NonDemented,oasis1_comp_4f24e646ffdc,train
OAS1_0298,OAS1_0298_MR1,vol_03532911df22,Demented,oasis1_comp_67726f0d7382,train
OAS1_0298,OAS1_0298_MR1,vol_03532911df22,Demented,oasis1_comp_67726f0d7382,train
OAS1_0298,OAS1_0298_MR1,vol_03532911df22,Demented,oasis1_comp_67726f0d7382,train
OAS1_0298,OAS1_0298_MR1,vol_03532911df22,Demented,oasis1_comp_67726f0d7382,train
OAS1_0298,OAS1_0298_MR1,vol_03532911df22,Demented,oasis1_comp_67726f0d7382,train
OAS1_0299,OAS1_0299_MR1,vol_db25723c3655,NonDemented,oasis1_comp_652d53bb7223,train
OAS1_0299,OAS1_0299_MR1,vol_db25723c3655,NonDemented,oasis1_comp_652d53bb7223,train
OAS1_0299,OAS1_0299_MR1,vol_db25723c3655,NonDemented,oasis1_comp_652d53bb7223,train
OAS1_0299,OAS1_0299_MR1,vol_db25723c3655,NonDemented,oasis1_comp_652d53bb7223,train
OAS1_0299,OAS1_0299_MR1,vol_db25723c3655,NonDemented,oasis1_comp_652d53bb7223,train
OAS1_0300,OAS1_0300_MR1,vol_f86b6194feca,Demented,oasis1_comp_e9a3ca66ecde,train
OAS1_0300,OAS1_0300_MR1,vol_f86b6194feca,Demented,oasis1_comp_e9a3ca66ecde,train
OAS1_0300,OAS1_0300_MR1,vol_f86b6194feca,Demented,oasis1_comp_e9a3ca66ecde,train
OAS1_0300,OAS1_0300_MR1,vol_f86b6194feca,Demented,oasis1_comp_e9a3ca66ecde,train
OAS1_0300,OAS1_0300_MR1,vol_f86b6194feca,Demented,oasis1_comp_e9a3ca66ecde,train
OAS1_0303,OAS1_0303_MR1,vol_1cec1003c131,NonDemented,oasis1_comp_63f830180b9e,train
OAS1_0303,OAS1_0303_MR1,vol_1cec1003c131,NonDemented,oasis1_comp_63f830180b9e,train
OAS1_0303,OAS1_0303_MR1,vol_1cec1003c131,NonDemented,oasis1_comp_63f830180b9e,train
OAS1_0303,OAS1_0303_MR1,vol_1cec1003c131,NonDemented,oasis1_comp_63f830180b9e,train
OAS1_0303,OAS1_0303_MR1,vol_1cec1003c131,NonDemented,oasis1_comp_63f830180b9e,train
OAS1_0308,OAS1_0308_MR1,vol_44ba06d68bfb,Demented,oasis1_comp_f968f8dc9f8b,train
OAS1_0308,OAS1_0308_MR1,vol_44ba06d68bfb,Demented,oasis1_comp_f968f8dc9f8b,train
OAS1_0308,OAS1_0308_MR1,vol_44ba06d68bfb,Demented,oasis1_comp_f968f8dc9f8b,train
OAS1_0308,OAS1_0308_MR1,vol_44ba06d68bfb,Demented,oasis1_comp_f968f8dc9f8b,train
OAS1_0308,OAS1_0308_MR1,vol_44ba06d68bfb,Demented,oasis1_comp_f968f8dc9f8b,train
OAS1_0309,OAS1_0309_MR1,vol_1d518a02845b,NonDemented,oasis1_comp_636c24f3b435,train
OAS1_0309,OAS1_0309_MR1,vol_1d518a02845b,NonDemented,oasis1_comp_636c24f3b435,train
OAS1_0309,OAS1_0309_MR1,vol_1d518a02845b,NonDemented,oasis1_comp_636c24f3b435,train
OAS1_0309,OAS1_0309_MR1,vol_1d518a02845b,NonDemented,oasis1_comp_636c24f3b435,train
OAS1_0309,OAS1_0309_MR1,vol_1d518a02845b,NonDemented,oasis1_comp_636c24f3b435,train
OAS1_0312,OAS1_0312_MR1,vol_bb3cf6ddc2d4,Demented,oasis1_comp_157618f38849,train
OAS1_0312,OAS1_0312_MR1,vol_bb3cf6ddc2d4,Demented,oasis1_comp_157618f38849,train
OAS1_0312,OAS1_0312_MR1,vol_bb3cf6ddc2d4,Demented,oasis1_comp_157618f38849,train
OAS1_0312,OAS1_0312_MR1,vol_bb3cf6ddc2d4,Demented,oasis1_comp_157618f38849,train
OAS1_0312,OAS1_0312_MR1,vol_bb3cf6ddc2d4,Demented,oasis1_comp_157618f38849,train
OAS1_0316,OAS1_0316_MR1,vol_49a2b5466dce,Demented,oasis1_comp_d9990942cba4,train
OAS1_0316,OAS1_0316_MR1,vol_49a2b5466dce,Demented,oasis1_comp_d9990942cba4,train
OAS1_0316,OAS1_0316_MR1,vol_49a2b5466dce,Demented,oasis1_comp_d9990942cba4,train
OAS1_0316,OAS1_0316_MR1,vol_49a2b5466dce,Demented,oasis1_comp_d9990942cba4,train
OAS1_0316,OAS1_0316_MR1,vol_49a2b5466dce,Demented,oasis1_comp_d9990942cba4,train
OAS1_0322,OAS1_0322_MR1,vol_2c9082713fa6,NonDemented,oasis1_comp_34de08ce3a7a,train
OAS1_0322,OAS1_0322_MR1,vol_2c9082713fa6,NonDemented,oasis1_comp_34de08ce3a7a,train
OAS1_0322,OAS1_0322_MR1,vol_2c9082713fa6,NonDemented,oasis1_comp_34de08ce3a7a,train
OAS1_0322,OAS1_0322_MR1,vol_2c9082713fa6,NonDemented,oasis1_comp_34de08ce3a7a,train
OAS1_0322,OAS1_0322_MR1,vol_2c9082713fa6,NonDemented,oasis1_comp_34de08ce3a7a,train
OAS1_0323,OAS1_0323_MR1,vol_d501f5c78db7,NonDemented,oasis1_comp_3d001ae68f37,train
OAS1_0323,OAS1_0323_MR1,vol_d501f5c78db7,NonDemented,oasis1_comp_3d001ae68f37,train
OAS1_0323,OAS1_0323_MR1,vol_d501f5c78db7,NonDemented,oasis1_comp_3d001ae68f37,train
OAS1_0323,OAS1_0323_MR1,vol_d501f5c78db7,NonDemented,oasis1_comp_3d001ae68f37,train
OAS1_0323,OAS1_0323_MR1,vol_d501f5c78db7,NonDemented,oasis1_comp_3d001ae68f37,train
OAS1_0329,OAS1_0329_MR1,vol_1cddd38f6467,Demented,oasis1_comp_df05133506a6,train
OAS1_0329,OAS1_0329_MR1,vol_1cddd38f6467,Demented,oasis1_comp_df05133506a6,train
OAS1_0329,OAS1_0329_MR1,vol_1cddd38f6467,Demented,oasis1_comp_df05133506a6,train
OAS1_0329,OAS1_0329_MR1,vol_1cddd38f6467,Demented,oasis1_comp_df05133506a6,train
OAS1_0329,OAS1_0329_MR1,vol_1cddd38f6467,Demented,oasis1_comp_df05133506a6,train
OAS1_0330,OAS1_0330_MR1,vol_0f7ba2ef2cc6,NonDemented,oasis1_comp_c1d9986a50db,train
OAS1_0330,OAS1_0330_MR1,vol_0f7ba2ef2cc6,NonDemented,oasis1_comp_c1d9986a50db,train
OAS1_0330,OAS1_0330_MR1,vol_0f7ba2ef2cc6,NonDemented,oasis1_comp_c1d9986a50db,train
OAS1_0330,OAS1_0330_MR1,vol_0f7ba2ef2cc6,NonDemented,oasis1_comp_c1d9986a50db,train
OAS1_0330,OAS1_0330_MR1,vol_0f7ba2ef2cc6,NonDemented,oasis1_comp_c1d9986a50db,train
OAS1_0332,OAS1_0332_MR1,vol_df34852ec856,NonDemented,oasis1_comp_47efe7ca8a5f,train
OAS1_0332,OAS1_0332_MR1,vol_df34852ec856,NonDemented,oasis1_comp_47efe7ca8a5f,train
OAS1_0332,OAS1_0332_MR1,vol_df34852ec856,NonDemented,oasis1_comp_47efe7ca8a5f,train
OAS1_0332,OAS1_0332_MR1,vol_df34852ec856,NonDemented,oasis1_comp_47efe7ca8a5f,train
OAS1_0332,OAS1_0332_MR1,vol_df34852ec856,NonDemented,oasis1_comp_47efe7ca8a5f,train
OAS1_0335,OAS1_0335_MR1,vol_80edd3acaf45,Demented,oasis1_comp_819c5fbc5b06,train
OAS1_0335,OAS1_0335_MR1,vol_80edd3acaf45,Demented,oasis1_comp_819c5fbc5b06,train
OAS1_0335,OAS1_0335_MR1,vol_80edd3acaf45,Demented,oasis1_comp_819c5fbc5b06,train
OAS1_0335,OAS1_0335_MR1,vol_80edd3acaf45,Demented,oasis1_comp_819c5fbc5b06,train
OAS1_0335,OAS1_0335_MR1,vol_80edd3acaf45,Demented,oasis1_comp_819c5fbc5b06,train
OAS1_0337,OAS1_0337_MR1,vol_855d4b210623,NonDemented,oasis1_comp_d565dc880105,train
OAS1_0337,OAS1_0337_MR1,vol_855d4b210623,NonDemented,oasis1_comp_d565dc880105,train
OAS1_0337,OAS1_0337_MR1,vol_855d4b210623,NonDemented,oasis1_comp_d565dc880105,train
OAS1_0337,OAS1_0337_MR1,vol_855d4b210623,NonDemented,oasis1_comp_d565dc880105,train
OAS1_0337,OAS1_0337_MR1,vol_855d4b210623,NonDemented,oasis1_comp_d565dc880105,train
OAS1_0341,OAS1_0341_MR1,vol_ca31f5ae17b3,NonDemented,oasis1_comp_5d4fccf67749,train
OAS1_0341,OAS1_0341_MR1,vol_ca31f5ae17b3,NonDemented,oasis1_comp_5d4fccf67749,train
OAS1_0341,OAS1_0341_MR1,vol_ca31f5ae17b3,NonDemented,oasis1_comp_5d4fccf67749,train
OAS1_0341,OAS1_0341_MR1,vol_ca31f5ae17b3,NonDemented,oasis1_comp_5d4fccf67749,train
OAS1_0341,OAS1_0341_MR1,vol_ca31f5ae17b3,NonDemented,oasis1_comp_5d4fccf67749,train
OAS1_0342,OAS1_0342_MR1,vol_eb3c56b58605,NonDemented,oasis1_comp_9fde38da1bc7,train
OAS1_0342,OAS1_0342_MR1,vol_eb3c56b58605,NonDemented,oasis1_comp_9fde38da1bc7,train
OAS1_0342,OAS1_0342_MR1,vol_eb3c56b58605,NonDemented,oasis1_comp_9fde38da1bc7,train
OAS1_0342,OAS1_0342_MR1,vol_eb3c56b58605,NonDemented,oasis1_comp_9fde38da1bc7,train
OAS1_0342,OAS1_0342_MR1,vol_eb3c56b58605,NonDemented,oasis1_comp_9fde38da1bc7,train
OAS1_0343,OAS1_0343_MR1,vol_ae8b2f722541,NonDemented,oasis1_comp_fa121992734a,train
OAS1_0343,OAS1_0343_MR1,vol_ae8b2f722541,NonDemented,oasis1_comp_fa121992734a,train
OAS1_0343,OAS1_0343_MR1,vol_ae8b2f722541,NonDemented,oasis1_comp_fa121992734a,train
OAS1_0343,OAS1_0343_MR1,vol_ae8b2f722541,NonDemented,oasis1_comp_fa121992734a,train
OAS1_0343,OAS1_0343_MR1,vol_ae8b2f722541,NonDemented,oasis1_comp_fa121992734a,train
OAS1_0351,OAS1_0351_MR1,vol_51e1876e676e,Demented,oasis1_comp_9c8de6f2847a,train
OAS1_0351,OAS1_0351_MR1,vol_51e1876e676e,Demented,oasis1_comp_9c8de6f2847a,train
OAS1_0351,OAS1_0351_MR1,vol_51e1876e676e,Demented,oasis1_comp_9c8de6f2847a,train
OAS1_0351,OAS1_0351_MR1,vol_51e1876e676e,Demented,oasis1_comp_9c8de6f2847a,train
OAS1_0351,OAS1_0351_MR1,vol_51e1876e676e,Demented,oasis1_comp_9c8de6f2847a,train
OAS1_0352,OAS1_0352_MR1,vol_b9abb423e2db,Demented,oasis1_comp_20ffb2946ab0,train
OAS1_0352,OAS1_0352_MR1,vol_b9abb423e2db,Demented,oasis1_comp_20ffb2946ab0,train
OAS1_0352,OAS1_0352_MR1,vol_b9abb423e2db,Demented,oasis1_comp_20ffb2946ab0,train
OAS1_0352,OAS1_0352_MR1,vol_b9abb423e2db,Demented,oasis1_comp_20ffb2946ab0,train
OAS1_0352,OAS1_0352_MR1,vol_b9abb423e2db,Demented,oasis1_comp_20ffb2946ab0,train
OAS1_0355,OAS1_0355_MR1,vol_e00fd5f561b2,NonDemented,oasis1_comp_7281d22083e6,train
OAS1_0355,OAS1_0355_MR1,vol_e00fd5f561b2,NonDemented,oasis1_comp_7281d22083e6,train
OAS1_0355,OAS1_0355_MR1,vol_e00fd5f561b2,NonDemented,oasis1_comp_7281d22083e6,train
OAS1_0355,OAS1_0355_MR1,vol_e00fd5f561b2,NonDemented,oasis1_comp_7281d22083e6,train
OAS1_0355,OAS1_0355_MR1,vol_e00fd5f561b2,NonDemented,oasis1_comp_7281d22083e6,train
OAS1_0362,OAS1_0362_MR1,vol_a68fcad15dc5,Demented,oasis1_comp_b8820f0ccb36,train
OAS1_0362,OAS1_0362_MR1,vol_a68fcad15dc5,Demented,oasis1_comp_b8820f0ccb36,train
OAS1_0362,OAS1_0362_MR1,vol_a68fcad15dc5,Demented,oasis1_comp_b8820f0ccb36,train
OAS1_0362,OAS1_0362_MR1,vol_a68fcad15dc5,Demented,oasis1_comp_b8820f0ccb36,train
OAS1_0362,OAS1_0362_MR1,vol_a68fcad15dc5,Demented,oasis1_comp_b8820f0ccb36,train
OAS1_0363,OAS1_0363_MR1,vol_90d2d9b5dea2,NonDemented,oasis1_comp_69bd2ab58a8a,train
OAS1_0363,OAS1_0363_MR1,vol_90d2d9b5dea2,NonDemented,oasis1_comp_69bd2ab58a8a,train
OAS1_0363,OAS1_0363_MR1,vol_90d2d9b5dea2,NonDemented,oasis1_comp_69bd2ab58a8a,train
OAS1_0363,OAS1_0363_MR1,vol_90d2d9b5dea2,NonDemented,oasis1_comp_69bd2ab58a8a,train
OAS1_0363,OAS1_0363_MR1,vol_90d2d9b5dea2,NonDemented,oasis1_comp_69bd2ab58a8a,train
OAS1_0366,OAS1_0366_MR1,vol_8814787292ad,NonDemented,oasis1_comp_75bb9337b165,train
OAS1_0366,OAS1_0366_MR1,vol_8814787292ad,NonDemented,oasis1_comp_75bb9337b165,train
OAS1_0366,OAS1_0366_MR1,vol_8814787292ad,NonDemented,oasis1_comp_75bb9337b165,train
OAS1_0366,OAS1_0366_MR1,vol_8814787292ad,NonDemented,oasis1_comp_75bb9337b165,train
OAS1_0366,OAS1_0366_MR1,vol_8814787292ad,NonDemented,oasis1_comp_75bb9337b165,train
OAS1_0367,OAS1_0367_MR1,vol_52576114be04,NonDemented,oasis1_comp_da704b786c01,train
OAS1_0367,OAS1_0367_MR1,vol_52576114be04,NonDemented,oasis1_comp_da704b786c01,train
OAS1_0367,OAS1_0367_MR1,vol_52576114be04,NonDemented,oasis1_comp_da704b786c01,train
OAS1_0367,OAS1_0367_MR1,vol_52576114be04,NonDemented,oasis1_comp_da704b786c01,train
OAS1_0367,OAS1_0367_MR1,vol_52576114be04,NonDemented,oasis1_comp_da704b786c01,train
OAS1_0369,OAS1_0369_MR1,vol_faf2bea118db,NonDemented,oasis1_comp_f0f8b61f083d,train
OAS1_0369,OAS1_0369_MR1,vol_faf2bea118db,NonDemented,oasis1_comp_f0f8b61f083d,train
OAS1_0369,OAS1_0369_MR1,vol_faf2bea118db,NonDemented,oasis1_comp_f0f8b61f083d,train
OAS1_0369,OAS1_0369_MR1,vol_faf2bea118db,NonDemented,oasis1_comp_f0f8b61f083d,train
OAS1_0369,OAS1_0369_MR1,vol_faf2bea118db,NonDemented,oasis1_comp_f0f8b61f083d,train
OAS1_0372,OAS1_0372_MR1,vol_2c7a8605b822,NonDemented,oasis1_comp_1b8e3acef0a2,train
OAS1_0372,OAS1_0372_MR1,vol_2c7a8605b822,NonDemented,oasis1_comp_1b8e3acef0a2,train
OAS1_0372,OAS1_0372_MR1,vol_2c7a8605b822,NonDemented,oasis1_comp_1b8e3acef0a2,train
OAS1_0372,OAS1_0372_MR1,vol_2c7a8605b822,NonDemented,oasis1_comp_1b8e3acef0a2,train
OAS1_0372,OAS1_0372_MR1,vol_2c7a8605b822,NonDemented,oasis1_comp_1b8e3acef0a2,train
OAS1_0374,OAS1_0374_MR1,vol_c3cb9ac07925,Demented,oasis1_comp_7d2253af9842,train
OAS1_0374,OAS1_0374_MR1,vol_c3cb9ac07925,Demented,oasis1_comp_7d2253af9842,train
OAS1_0374,OAS1_0374_MR1,vol_c3cb9ac07925,Demented,oasis1_comp_7d2253af9842,train
OAS1_0374,OAS1_0374_MR1,vol_c3cb9ac07925,Demented,oasis1_comp_7d2253af9842,train
OAS1_0374,OAS1_0374_MR1,vol_c3cb9ac07925,Demented,oasis1_comp_7d2253af9842,train
OAS1_0378,OAS1_0378_MR1,vol_cfe05b868638,NonDemented,oasis1_comp_2b15e8cf9981,train
OAS1_0378,OAS1_0378_MR1,vol_cfe05b868638,NonDemented,oasis1_comp_2b15e8cf9981,train
OAS1_0378,OAS1_0378_MR1,vol_cfe05b868638,NonDemented,oasis1_comp_2b15e8cf9981,train
OAS1_0378,OAS1_0378_MR1,vol_cfe05b868638,NonDemented,oasis1_comp_2b15e8cf9981,train
OAS1_0378,OAS1_0378_MR1,vol_cfe05b868638,NonDemented,oasis1_comp_2b15e8cf9981,train
OAS1_0380,OAS1_0380_MR1,vol_088a8c94b60b,Demented,oasis1_comp_bb5616da2163,train
OAS1_0380,OAS1_0380_MR1,vol_088a8c94b60b,Demented,oasis1_comp_bb5616da2163,train
OAS1_0380,OAS1_0380_MR1,vol_088a8c94b60b,Demented,oasis1_comp_bb5616da2163,train
OAS1_0380,OAS1_0380_MR1,vol_088a8c94b60b,Demented,oasis1_comp_bb5616da2163,train
OAS1_0380,OAS1_0380_MR1,vol_088a8c94b60b,Demented,oasis1_comp_bb5616da2163,train
OAS1_0381,OAS1_0381_MR1,vol_6cf0db1b1e51,NonDemented,oasis1_comp_d8a99c9978d3,train
OAS1_0381,OAS1_0381_MR1,vol_6cf0db1b1e51,NonDemented,oasis1_comp_d8a99c9978d3,train
OAS1_0381,OAS1_0381_MR1,vol_6cf0db1b1e51,NonDemented,oasis1_comp_d8a99c9978d3,train
OAS1_0381,OAS1_0381_MR1,vol_6cf0db1b1e51,NonDemented,oasis1_comp_d8a99c9978d3,train
OAS1_0381,OAS1_0381_MR1,vol_6cf0db1b1e51,NonDemented,oasis1_comp_d8a99c9978d3,train
OAS1_0382,OAS1_0382_MR1,vol_0ea2c2879f46,Demented,oasis1_comp_a5d3ff3b9385,train
OAS1_0382,OAS1_0382_MR1,vol_0ea2c2879f46,Demented,oasis1_comp_a5d3ff3b9385,train
OAS1_0382,OAS1_0382_MR1,vol_0ea2c2879f46,Demented,oasis1_comp_a5d3ff3b9385,train
OAS1_0382,OAS1_0382_MR1,vol_0ea2c2879f46,Demented,oasis1_comp_a5d3ff3b9385,train
OAS1_0382,OAS1_0382_MR1,vol_0ea2c2879f46,Demented,oasis1_comp_a5d3ff3b9385,train
OAS1_0390,OAS1_0390_MR1,vol_2fd38e219825,Demented,oasis1_comp_605fd3045fa1,train
OAS1_0390,OAS1_0390_MR1,vol_2fd38e219825,Demented,oasis1_comp_605fd3045fa1,train
OAS1_0390,OAS1_0390_MR1,vol_2fd38e219825,Demented,oasis1_comp_605fd3045fa1,train
OAS1_0390,OAS1_0390_MR1,vol_2fd38e219825,Demented,oasis1_comp_605fd3045fa1,train
OAS1_0390,OAS1_0390_MR1,vol_2fd38e219825,Demented,oasis1_comp_605fd3045fa1,train
OAS1_0398,OAS1_0398_MR1,vol_1306629b2f31,NonDemented,oasis1_comp_c65ff7dd0f0d,train
OAS1_0398,OAS1_0398_MR1,vol_1306629b2f31,NonDemented,oasis1_comp_c65ff7dd0f0d,train
OAS1_0398,OAS1_0398_MR1,vol_1306629b2f31,NonDemented,oasis1_comp_c65ff7dd0f0d,train
OAS1_0398,OAS1_0398_MR1,vol_1306629b2f31,NonDemented,oasis1_comp_c65ff7dd0f0d,train
OAS1_0398,OAS1_0398_MR1,vol_1306629b2f31,NonDemented,oasis1_comp_c65ff7dd0f0d,train
OAS1_0401,OAS1_0401_MR1,vol_3f4e47777398,NonDemented,oasis1_comp_c578bae58eaa,train
OAS1_0401,OAS1_0401_MR1,vol_3f4e47777398,NonDemented,oasis1_comp_c578bae58eaa,train
OAS1_0401,OAS1_0401_MR1,vol_3f4e47777398,NonDemented,oasis1_comp_c578bae58eaa,train
OAS1_0401,OAS1_0401_MR1,vol_3f4e47777398,NonDemented,oasis1_comp_c578bae58eaa,train
OAS1_0401,OAS1_0401_MR1,vol_3f4e47777398,NonDemented,oasis1_comp_c578bae58eaa,train
OAS1_0402,OAS1_0402_MR1,vol_db2cfc858155,Demented,oasis1_comp_a9df6cd1f824,train
OAS1_0402,OAS1_0402_MR1,vol_db2cfc858155,Demented,oasis1_comp_a9df6cd1f824,train
OAS1_0402,OAS1_0402_MR1,vol_db2cfc858155,Demented,oasis1_comp_a9df6cd1f824,train
OAS1_0402,OAS1_0402_MR1,vol_db2cfc858155,Demented,oasis1_comp_a9df6cd1f824,train
OAS1_0402,OAS1_0402_MR1,vol_db2cfc858155,Demented,oasis1_comp_a9df6cd1f824,train
OAS1_0404,OAS1_0404_MR1,vol_efc9e5bbea77,NonDemented,oasis1_comp_463c048bc95d,train
OAS1_0404,OAS1_0404_MR1,vol_efc9e5bbea77,NonDemented,oasis1_comp_463c048bc95d,train
OAS1_0404,OAS1_0404_MR1,vol_efc9e5bbea77,NonDemented,oasis1_comp_463c048bc95d,train
OAS1_0404,OAS1_0404_MR1,vol_efc9e5bbea77,NonDemented,oasis1_comp_463c048bc95d,train
OAS1_0404,OAS1_0404_MR1,vol_efc9e5bbea77,NonDemented,oasis1_comp_463c048bc95d,train
OAS1_0411,OAS1_0411_MR1,vol_0293948467b9,Demented,oasis1_comp_d82edac3a11a,train
OAS1_0411,OAS1_0411_MR1,vol_0293948467b9,Demented,oasis1_comp_d82edac3a11a,train
OAS1_0411,OAS1_0411_MR1,vol_0293948467b9,Demented,oasis1_comp_d82edac3a11a,train
OAS1_0411,OAS1_0411_MR1,vol_0293948467b9,Demented,oasis1_comp_d82edac3a11a,train
OAS1_0411,OAS1_0411_MR1,vol_0293948467b9,Demented,oasis1_comp_d82edac3a11a,train
OAS1_0418,OAS1_0418_MR1,vol_66c3f47d23bb,Demented,oasis1_comp_ce40ce418209,train
OAS1_0418,OAS1_0418_MR1,vol_66c3f47d23bb,Demented,oasis1_comp_ce40ce418209,train
OAS1_0418,OAS1_0418_MR1,vol_66c3f47d23bb,Demented,oasis1_comp_ce40ce418209,train
OAS1_0418,OAS1_0418_MR1,vol_66c3f47d23bb,Demented,oasis1_comp_ce40ce418209,train
OAS1_0418,OAS1_0418_MR1,vol_66c3f47d23bb,Demented,oasis1_comp_ce40ce418209,train
OAS1_0422,OAS1_0422_MR1,vol_e80528e6ac7d,NonDemented,oasis1_comp_0a4d04122e87,train
OAS1_0422,OAS1_0422_MR1,vol_e80528e6ac7d,NonDemented,oasis1_comp_0a4d04122e87,train
OAS1_0422,OAS1_0422_MR1,vol_e80528e6ac7d,NonDemented,oasis1_comp_0a4d04122e87,train
OAS1_0422,OAS1_0422_MR1,vol_e80528e6ac7d,NonDemented,oasis1_comp_0a4d04122e87,train
OAS1_0422,OAS1_0422_MR1,vol_e80528e6ac7d,NonDemented,oasis1_comp_0a4d04122e87,train
OAS1_0423,OAS1_0423_MR1,vol_7f03d78a983b,NonDemented,oasis1_comp_ab856aaf3e66,train
OAS1_0423,OAS1_0423_MR1,vol_7f03d78a983b,NonDemented,oasis1_comp_ab856aaf3e66,train
OAS1_0423,OAS1_0423_MR1,vol_7f03d78a983b,NonDemented,oasis1_comp_ab856aaf3e66,train
OAS1_0423,OAS1_0423_MR1,vol_7f03d78a983b,NonDemented,oasis1_comp_ab856aaf3e66,train
OAS1_0423,OAS1_0423_MR1,vol_7f03d78a983b,NonDemented,oasis1_comp_ab856aaf3e66,train
OAS1_0425,OAS1_0425_MR1,vol_26d3556508b7,Demented,oasis1_comp_3ce5b1b400fb,train
OAS1_0425,OAS1_0425_MR1,vol_26d3556508b7,Demented,oasis1_comp_3ce5b1b400fb,train
OAS1_0425,OAS1_0425_MR1,vol_26d3556508b7,Demented,oasis1_comp_3ce5b1b400fb,train
OAS1_0425,OAS1_0425_MR1,vol_26d3556508b7,Demented,oasis1_comp_3ce5b1b400fb,train
OAS1_0425,OAS1_0425_MR1,vol_26d3556508b7,Demented,oasis1_comp_3ce5b1b400fb,train
OAS1_0426,OAS1_0426_MR1,vol_30b2b4a6e807,NonDemented,oasis1_comp_14e68d23afbc,train
OAS1_0426,OAS1_0426_MR1,vol_30b2b4a6e807,NonDemented,oasis1_comp_14e68d23afbc,train
OAS1_0426,OAS1_0426_MR1,vol_30b2b4a6e807,NonDemented,oasis1_comp_14e68d23afbc,train
OAS1_0426,OAS1_0426_MR1,vol_30b2b4a6e807,NonDemented,oasis1_comp_14e68d23afbc,train
OAS1_0426,OAS1_0426_MR1,vol_30b2b4a6e807,NonDemented,oasis1_comp_14e68d23afbc,train
OAS1_0428,OAS1_0428_MR1,vol_a366caa37dd2,NonDemented,oasis1_comp_f4ee00bc5190,train
OAS1_0428,OAS1_0428_MR1,vol_a366caa37dd2,NonDemented,oasis1_comp_f4ee00bc5190,train
OAS1_0428,OAS1_0428_MR1,vol_a366caa37dd2,NonDemented,oasis1_comp_f4ee00bc5190,train
OAS1_0428,OAS1_0428_MR1,vol_a366caa37dd2,NonDemented,oasis1_comp_f4ee00bc5190,train
OAS1_0428,OAS1_0428_MR1,vol_a366caa37dd2,NonDemented,oasis1_comp_f4ee00bc5190,train
OAS1_0430,OAS1_0430_MR1,vol_5f6c32920065,Demented,oasis1_comp_f97495993a73,train
OAS1_0430,OAS1_0430_MR1,vol_5f6c32920065,Demented,oasis1_comp_f97495993a73,train
OAS1_0430,OAS1_0430_MR1,vol_5f6c32920065,Demented,oasis1_comp_f97495993a73,train
OAS1_0430,OAS1_0430_MR1,vol_5f6c32920065,Demented,oasis1_comp_f97495993a73,train
OAS1_0430,OAS1_0430_MR1,vol_5f6c32920065,Demented,oasis1_comp_f97495993a73,train
OAS1_0432,OAS1_0432_MR1,vol_acc065f569a9,Demented,oasis1_comp_e37f8dce2fd7,train
OAS1_0432,OAS1_0432_MR1,vol_acc065f569a9,Demented,oasis1_comp_e37f8dce2fd7,train
OAS1_0432,OAS1_0432_MR1,vol_acc065f569a9,Demented,oasis1_comp_e37f8dce2fd7,train
OAS1_0432,OAS1_0432_MR1,vol_acc065f569a9,Demented,oasis1_comp_e37f8dce2fd7,train
OAS1_0432,OAS1_0432_MR1,vol_acc065f569a9,Demented,oasis1_comp_e37f8dce2fd7,train
OAS1_0433,OAS1_0433_MR1,vol_f5df900a8b1e,NonDemented,oasis1_comp_3551f0dd0c70,train
OAS1_0433,OAS1_0433_MR1,vol_f5df900a8b1e,NonDemented,oasis1_comp_3551f0dd0c70,train
OAS1_0433,OAS1_0433_MR1,vol_f5df900a8b1e,NonDemented,oasis1_comp_3551f0dd0c70,train
OAS1_0433,OAS1_0433_MR1,vol_f5df900a8b1e,NonDemented,oasis1_comp_3551f0dd0c70,train
OAS1_0433,OAS1_0433_MR1,vol_f5df900a8b1e,NonDemented,oasis1_comp_3551f0dd0c70,train
OAS1_0438,OAS1_0438_MR1,vol_ccaafa660083,NonDemented,oasis1_comp_7a0c819bfe28,train
OAS1_0438,OAS1_0438_MR1,vol_ccaafa660083,NonDemented,oasis1_comp_7a0c819bfe28,train
OAS1_0438,OAS1_0438_MR1,vol_ccaafa660083,NonDemented,oasis1_comp_7a0c819bfe28,train
OAS1_0438,OAS1_0438_MR1,vol_ccaafa660083,NonDemented,oasis1_comp_7a0c819bfe28,train
OAS1_0438,OAS1_0438_MR1,vol_ccaafa660083,NonDemented,oasis1_comp_7a0c819bfe28,train
OAS1_0440,OAS1_0440_MR1,vol_3500b50142a2,Demented,oasis1_comp_0bff306c8b6b,train
OAS1_0440,OAS1_0440_MR1,vol_3500b50142a2,Demented,oasis1_comp_0bff306c8b6b,train
OAS1_0440,OAS1_0440_MR1,vol_3500b50142a2,Demented,oasis1_comp_0bff306c8b6b,train
OAS1_0440,OAS1_0440_MR1,vol_3500b50142a2,Demented,oasis1_comp_0bff306c8b6b,train
OAS1_0440,OAS1_0440_MR1,vol_3500b50142a2,Demented,oasis1_comp_0bff306c8b6b,train
OAS1_0445,OAS1_0445_MR1,vol_c4db58f82b57,NonDemented,oasis1_comp_8330cd7490c8,train
OAS1_0445,OAS1_0445_MR1,vol_c4db58f82b57,NonDemented,oasis1_comp_8330cd7490c8,train
OAS1_0445,OAS1_0445_MR1,vol_c4db58f82b57,NonDemented,oasis1_comp_8330cd7490c8,train
OAS1_0445,OAS1_0445_MR1,vol_c4db58f82b57,NonDemented,oasis1_comp_8330cd7490c8,train
OAS1_0445,OAS1_0445_MR1,vol_c4db58f82b57,NonDemented,oasis1_comp_8330cd7490c8,train
OAS1_0446,OAS1_0446_MR1,vol_970ac6bbd378,NonDemented,oasis1_comp_e747d4e1bf2f,train
OAS1_0446,OAS1_0446_MR1,vol_970ac6bbd378,NonDemented,oasis1_comp_e747d4e1bf2f,train
OAS1_0446,OAS1_0446_MR1,vol_970ac6bbd378,NonDemented,oasis1_comp_e747d4e1bf2f,train
OAS1_0446,OAS1_0446_MR1,vol_970ac6bbd378,NonDemented,oasis1_comp_e747d4e1bf2f,train
OAS1_0446,OAS1_0446_MR1,vol_970ac6bbd378,NonDemented,oasis1_comp_e747d4e1bf2f,train
OAS1_0447,OAS1_0447_MR1,vol_4c9e012b0e3a,Demented,oasis1_comp_248a101ec1b0,train
OAS1_0447,OAS1_0447_MR1,vol_4c9e012b0e3a,Demented,oasis1_comp_248a101ec1b0,train
OAS1_0447,OAS1_0447_MR1,vol_4c9e012b0e3a,Demented,oasis1_comp_248a101ec1b0,train
OAS1_0447,OAS1_0447_MR1,vol_4c9e012b0e3a,Demented,oasis1_comp_248a101ec1b0,train
OAS1_0447,OAS1_0447_MR1,vol_4c9e012b0e3a,Demented,oasis1_comp_248a101ec1b0,train
OAS1_0452,OAS1_0452_MR1,vol_d53ee2d7904d,Demented,oasis1_comp_dbeefef09a6d,train
OAS1_0452,OAS1_0452_MR1,vol_d53ee2d7904d,Demented,oasis1_comp_dbeefef09a6d,train
OAS1_0452,OAS1_0452_MR1,vol_d53ee2d7904d,Demented,oasis1_comp_dbeefef09a6d,train
OAS1_0452,OAS1_0452_MR1,vol_d53ee2d7904d,Demented,oasis1_comp_dbeefef09a6d,train
OAS1_0452,OAS1_0452_MR1,vol_d53ee2d7904d,Demented,oasis1_comp_dbeefef09a6d,train
OAS1_0453,OAS1_0453_MR1,vol_8730f1837c92,Demented,oasis1_comp_7d42ca013108,train
OAS1_0453,OAS1_0453_MR1,vol_8730f1837c92,Demented,oasis1_comp_7d42ca013108,train
OAS1_0453,OAS1_0453_MR1,vol_8730f1837c92,Demented,oasis1_comp_7d42ca013108,train
OAS1_0453,OAS1_0453_MR1,vol_8730f1837c92,Demented,oasis1_comp_7d42ca013108,train
OAS1_0453,OAS1_0453_MR1,vol_8730f1837c92,Demented,oasis1_comp_7d42ca013108,train
OAS1_0454,OAS1_0454_MR1,vol_4fa819e2873b,Demented,oasis1_comp_6c7cee1a782f,train
OAS1_0454,OAS1_0454_MR1,vol_4fa819e2873b,Demented,oasis1_comp_6c7cee1a782f,train
OAS1_0454,OAS1_0454_MR1,vol_4fa819e2873b,Demented,oasis1_comp_6c7cee1a782f,train
OAS1_0454,OAS1_0454_MR1,vol_4fa819e2873b,Demented,oasis1_comp_6c7cee1a782f,train
OAS1_0454,OAS1_0454_MR1,vol_4fa819e2873b,Demented,oasis1_comp_6c7cee1a782f,train
OAS1_0455,OAS1_0455_MR1,vol_16d72259b3e3,NonDemented,oasis1_comp_7399134e2879,train
OAS1_0455,OAS1_0455_MR1,vol_16d72259b3e3,NonDemented,oasis1_comp_7399134e2879,train
OAS1_0455,OAS1_0455_MR1,vol_16d72259b3e3,NonDemented,oasis1_comp_7399134e2879,train
OAS1_0455,OAS1_0455_MR1,vol_16d72259b3e3,NonDemented,oasis1_comp_7399134e2879,train
OAS1_0455,OAS1_0455_MR1,vol_16d72259b3e3,NonDemented,oasis1_comp_7399134e2879,train
OAS1_0457,OAS1_0457_MR1,vol_7cf8a0d7ad4a,NonDemented,oasis1_comp_6fb11865bbce,train
OAS1_0457,OAS1_0457_MR1,vol_7cf8a0d7ad4a,NonDemented,oasis1_comp_6fb11865bbce,train
OAS1_0457,OAS1_0457_MR1,vol_7cf8a0d7ad4a,NonDemented,oasis1_comp_6fb11865bbce,train
OAS1_0457,OAS1_0457_MR1,vol_7cf8a0d7ad4a,NonDemented,oasis1_comp_6fb11865bbce,train
OAS1_0457,OAS1_0457_MR1,vol_7cf8a0d7ad4a,NonDemented,oasis1_comp_6fb11865bbce,train
OAS1_0002,OAS1_0002_MR1,vol_a6f37b054c95,NonDemented,oasis1_comp_848d89af6699,val
OAS1_0002,OAS1_0002_MR1,vol_a6f37b054c95,NonDemented,oasis1_comp_848d89af6699,val
OAS1_0002,OAS1_0002_MR1,vol_a6f37b054c95,NonDemented,oasis1_comp_848d89af6699,val
OAS1_0002,OAS1_0002_MR1,vol_a6f37b054c95,NonDemented,oasis1_comp_848d89af6699,val
OAS1_0002,OAS1_0002_MR1,vol_a6f37b054c95,NonDemented,oasis1_comp_848d89af6699,val
OAS1_0028,OAS1_0028_MR1,vol_d532a6b5aab3,Demented,oasis1_comp_0aebc8f1b222,val
OAS1_0028,OAS1_0028_MR1,vol_d532a6b5aab3,Demented,oasis1_comp_0aebc8f1b222,val
OAS1_0028,OAS1_0028_MR1,vol_d532a6b5aab3,Demented,oasis1_comp_0aebc8f1b222,val
OAS1_0028,OAS1_0028_MR1,vol_d532a6b5aab3,Demented,oasis1_comp_0aebc8f1b222,val
OAS1_0028,OAS1_0028_MR1,vol_d532a6b5aab3,Demented,oasis1_comp_0aebc8f1b222,val
OAS1_0030,OAS1_0030_MR1,vol_49c9c3b1a4a3,NonDemented,oasis1_comp_8c861988426c,val
OAS1_0030,OAS1_0030_MR1,vol_49c9c3b1a4a3,NonDemented,oasis1_comp_8c861988426c,val
OAS1_0030,OAS1_0030_MR1,vol_49c9c3b1a4a3,NonDemented,oasis1_comp_8c861988426c,val
OAS1_0030,OAS1_0030_MR1,vol_49c9c3b1a4a3,NonDemented,oasis1_comp_8c861988426c,val
OAS1_0030,OAS1_0030_MR1,vol_49c9c3b1a4a3,NonDemented,oasis1_comp_8c861988426c,val
OAS1_0039,OAS1_0039_MR1,vol_1e10e429dfa8,Demented,oasis1_comp_f230b49efb6a,val
OAS1_0039,OAS1_0039_MR1,vol_1e10e429dfa8,Demented,oasis1_comp_f230b49efb6a,val
OAS1_0039,OAS1_0039_MR1,vol_1e10e429dfa8,Demented,oasis1_comp_f230b49efb6a,val
OAS1_0039,OAS1_0039_MR1,vol_1e10e429dfa8,Demented,oasis1_comp_f230b49efb6a,val
OAS1_0039,OAS1_0039_MR1,vol_1e10e429dfa8,Demented,oasis1_comp_f230b49efb6a,val
OAS1_0042,OAS1_0042_MR1,vol_c409047554e1,Demented,oasis1_comp_975e5f598efa,val
OAS1_0042,OAS1_0042_MR1,vol_c409047554e1,Demented,oasis1_comp_975e5f598efa,val
OAS1_0042,OAS1_0042_MR1,vol_c409047554e1,Demented,oasis1_comp_975e5f598efa,val
OAS1_0042,OAS1_0042_MR1,vol_c409047554e1,Demented,oasis1_comp_975e5f598efa,val
OAS1_0042,OAS1_0042_MR1,vol_c409047554e1,Demented,oasis1_comp_975e5f598efa,val
OAS1_0064,OAS1_0064_MR1,vol_7562a12eb8cb,NonDemented,oasis1_comp_39806d113736,val
OAS1_0064,OAS1_0064_MR1,vol_7562a12eb8cb,NonDemented,oasis1_comp_39806d113736,val
OAS1_0064,OAS1_0064_MR1,vol_7562a12eb8cb,NonDemented,oasis1_comp_39806d113736,val
OAS1_0064,OAS1_0064_MR1,vol_7562a12eb8cb,NonDemented,oasis1_comp_39806d113736,val
OAS1_0064,OAS1_0064_MR1,vol_7562a12eb8cb,NonDemented,oasis1_comp_39806d113736,val
OAS1_0068,OAS1_0068_MR1,vol_78ff6ae4ea13,NonDemented,oasis1_comp_7cdf9765eb02,val
OAS1_0068,OAS1_0068_MR1,vol_78ff6ae4ea13,NonDemented,oasis1_comp_7cdf9765eb02,val
OAS1_0068,OAS1_0068_MR1,vol_78ff6ae4ea13,NonDemented,oasis1_comp_7cdf9765eb02,val
OAS1_0068,OAS1_0068_MR1,vol_78ff6ae4ea13,NonDemented,oasis1_comp_7cdf9765eb02,val
OAS1_0068,OAS1_0068_MR1,vol_78ff6ae4ea13,NonDemented,oasis1_comp_7cdf9765eb02,val
OAS1_0074,OAS1_0074_MR1,vol_89ce34140271,NonDemented,oasis1_comp_13c4dda4c5e6,val
OAS1_0074,OAS1_0074_MR1,vol_89ce34140271,NonDemented,oasis1_comp_13c4dda4c5e6,val
OAS1_0074,OAS1_0074_MR1,vol_89ce34140271,NonDemented,oasis1_comp_13c4dda4c5e6,val
OAS1_0074,OAS1_0074_MR1,vol_89ce34140271,NonDemented,oasis1_comp_13c4dda4c5e6,val
OAS1_0074,OAS1_0074_MR1,vol_89ce34140271,NonDemented,oasis1_comp_13c4dda4c5e6,val
OAS1_0109,OAS1_0109_MR1,vol_463225fa2507,NonDemented,oasis1_comp_6544f5975abf,val
OAS1_0109,OAS1_0109_MR1,vol_463225fa2507,NonDemented,oasis1_comp_6544f5975abf,val
OAS1_0109,OAS1_0109_MR1,vol_463225fa2507,NonDemented,oasis1_comp_6544f5975abf,val
OAS1_0109,OAS1_0109_MR1,vol_463225fa2507,NonDemented,oasis1_comp_6544f5975abf,val
OAS1_0109,OAS1_0109_MR1,vol_463225fa2507,NonDemented,oasis1_comp_6544f5975abf,val
OAS1_0122,OAS1_0122_MR1,vol_fe6284233c9e,Demented,oasis1_comp_4f2a8b6bf35d,val
OAS1_0122,OAS1_0122_MR1,vol_fe6284233c9e,Demented,oasis1_comp_4f2a8b6bf35d,val
OAS1_0122,OAS1_0122_MR1,vol_fe6284233c9e,Demented,oasis1_comp_4f2a8b6bf35d,val
OAS1_0122,OAS1_0122_MR1,vol_fe6284233c9e,Demented,oasis1_comp_4f2a8b6bf35d,val
OAS1_0122,OAS1_0122_MR1,vol_fe6284233c9e,Demented,oasis1_comp_4f2a8b6bf35d,val
OAS1_0134,OAS1_0134_MR1,vol_905a3d750668,Demented,oasis1_comp_4791e507bcae,val
OAS1_0134,OAS1_0134_MR1,vol_905a3d750668,Demented,oasis1_comp_4791e507bcae,val
OAS1_0134,OAS1_0134_MR1,vol_905a3d750668,Demented,oasis1_comp_4791e507bcae,val
OAS1_0134,OAS1_0134_MR1,vol_905a3d750668,Demented,oasis1_comp_4791e507bcae,val
OAS1_0134,OAS1_0134_MR1,vol_905a3d750668,Demented,oasis1_comp_4791e507bcae,val
OAS1_0181,OAS1_0181_MR1,vol_5ba192a4dc05,NonDemented,oasis1_comp_f9c2a2bf2542,val
OAS1_0181,OAS1_0181_MR1,vol_5ba192a4dc05,NonDemented,oasis1_comp_f9c2a2bf2542,val
OAS1_0181,OAS1_0181_MR1,vol_5ba192a4dc05,NonDemented,oasis1_comp_f9c2a2bf2542,val
OAS1_0181,OAS1_0181_MR1,vol_5ba192a4dc05,NonDemented,oasis1_comp_f9c2a2bf2542,val
OAS1_0181,OAS1_0181_MR1,vol_5ba192a4dc05,NonDemented,oasis1_comp_f9c2a2bf2542,val
OAS1_0184,OAS1_0184_MR1,vol_d740173d925c,Demented,oasis1_comp_d6f988689fd8,val
OAS1_0184,OAS1_0184_MR1,vol_d740173d925c,Demented,oasis1_comp_d6f988689fd8,val
OAS1_0184,OAS1_0184_MR1,vol_d740173d925c,Demented,oasis1_comp_d6f988689fd8,val
OAS1_0184,OAS1_0184_MR1,vol_d740173d925c,Demented,oasis1_comp_d6f988689fd8,val
OAS1_0184,OAS1_0184_MR1,vol_d740173d925c,Demented,oasis1_comp_d6f988689fd8,val
OAS1_0212,OAS1_0212_MR1,vol_09dcd638d74f,NonDemented,oasis1_comp_fd4494c18381,val
OAS1_0212,OAS1_0212_MR1,vol_09dcd638d74f,NonDemented,oasis1_comp_fd4494c18381,val
OAS1_0212,OAS1_0212_MR1,vol_09dcd638d74f,NonDemented,oasis1_comp_fd4494c18381,val
OAS1_0212,OAS1_0212_MR1,vol_09dcd638d74f,NonDemented,oasis1_comp_fd4494c18381,val
OAS1_0212,OAS1_0212_MR1,vol_09dcd638d74f,NonDemented,oasis1_comp_fd4494c18381,val
OAS1_0221,OAS1_0221_MR1,vol_859caaae5a14,NonDemented,oasis1_comp_f875e7975705,val
OAS1_0221,OAS1_0221_MR1,vol_859caaae5a14,NonDemented,oasis1_comp_f875e7975705,val
OAS1_0221,OAS1_0221_MR1,vol_859caaae5a14,NonDemented,oasis1_comp_f875e7975705,val
OAS1_0221,OAS1_0221_MR1,vol_859caaae5a14,NonDemented,oasis1_comp_f875e7975705,val
OAS1_0221,OAS1_0221_MR1,vol_859caaae5a14,NonDemented,oasis1_comp_f875e7975705,val
OAS1_0223,OAS1_0223_MR1,vol_e5c5f6223e38,Demented,oasis1_comp_cc63f91fe6fa,val
OAS1_0223,OAS1_0223_MR1,vol_e5c5f6223e38,Demented,oasis1_comp_cc63f91fe6fa,val
OAS1_0223,OAS1_0223_MR1,vol_e5c5f6223e38,Demented,oasis1_comp_cc63f91fe6fa,val
OAS1_0223,OAS1_0223_MR1,vol_e5c5f6223e38,Demented,oasis1_comp_cc63f91fe6fa,val
OAS1_0223,OAS1_0223_MR1,vol_e5c5f6223e38,Demented,oasis1_comp_cc63f91fe6fa,val
OAS1_0226,OAS1_0226_MR1,vol_c5c68ed6345f,Demented,oasis1_comp_a27e2b7754d7,val
OAS1_0226,OAS1_0226_MR1,vol_c5c68ed6345f,Demented,oasis1_comp_a27e2b7754d7,val
OAS1_0226,OAS1_0226_MR1,vol_c5c68ed6345f,Demented,oasis1_comp_a27e2b7754d7,val
OAS1_0226,OAS1_0226_MR1,vol_c5c68ed6345f,Demented,oasis1_comp_a27e2b7754d7,val
OAS1_0226,OAS1_0226_MR1,vol_c5c68ed6345f,Demented,oasis1_comp_a27e2b7754d7,val
OAS1_0240,OAS1_0240_MR1,vol_b8f63ee2b114,Demented,oasis1_comp_1382a410181d,val
OAS1_0240,OAS1_0240_MR1,vol_b8f63ee2b114,Demented,oasis1_comp_1382a410181d,val
OAS1_0240,OAS1_0240_MR1,vol_b8f63ee2b114,Demented,oasis1_comp_1382a410181d,val
OAS1_0240,OAS1_0240_MR1,vol_b8f63ee2b114,Demented,oasis1_comp_1382a410181d,val
OAS1_0240,OAS1_0240_MR1,vol_b8f63ee2b114,Demented,oasis1_comp_1382a410181d,val
OAS1_0255,OAS1_0255_MR1,vol_ea19723f61d4,NonDemented,oasis1_comp_f3a88a8883f0,val
OAS1_0255,OAS1_0255_MR1,vol_ea19723f61d4,NonDemented,oasis1_comp_f3a88a8883f0,val
OAS1_0255,OAS1_0255_MR1,vol_ea19723f61d4,NonDemented,oasis1_comp_f3a88a8883f0,val
OAS1_0255,OAS1_0255_MR1,vol_ea19723f61d4,NonDemented,oasis1_comp_f3a88a8883f0,val
OAS1_0255,OAS1_0255_MR1,vol_ea19723f61d4,NonDemented,oasis1_comp_f3a88a8883f0,val
OAS1_0269,OAS1_0269_MR1,vol_fe9388acd084,Demented,oasis1_comp_34aca34bc7a2,val
OAS1_0269,OAS1_0269_MR1,vol_fe9388acd084,Demented,oasis1_comp_34aca34bc7a2,val
OAS1_0269,OAS1_0269_MR1,vol_fe9388acd084,Demented,oasis1_comp_34aca34bc7a2,val
OAS1_0269,OAS1_0269_MR1,vol_fe9388acd084,Demented,oasis1_comp_34aca34bc7a2,val
OAS1_0269,OAS1_0269_MR1,vol_fe9388acd084,Demented,oasis1_comp_34aca34bc7a2,val
OAS1_0280,OAS1_0280_MR1,vol_a7e663b6e7b6,NonDemented,oasis1_comp_59657cd437ed,val
OAS1_0280,OAS1_0280_MR1,vol_a7e663b6e7b6,NonDemented,oasis1_comp_59657cd437ed,val
OAS1_0280,OAS1_0280_MR1,vol_a7e663b6e7b6,NonDemented,oasis1_comp_59657cd437ed,val
OAS1_0280,OAS1_0280_MR1,vol_a7e663b6e7b6,NonDemented,oasis1_comp_59657cd437ed,val
OAS1_0280,OAS1_0280_MR1,vol_a7e663b6e7b6,NonDemented,oasis1_comp_59657cd437ed,val
OAS1_0304,OAS1_0304_MR1,vol_ad0ab9f75067,Demented,oasis1_comp_a61a9ab8b678,val
OAS1_0304,OAS1_0304_MR1,vol_ad0ab9f75067,Demented,oasis1_comp_a61a9ab8b678,val
OAS1_0304,OAS1_0304_MR1,vol_ad0ab9f75067,Demented,oasis1_comp_a61a9ab8b678,val
OAS1_0304,OAS1_0304_MR1,vol_ad0ab9f75067,Demented,oasis1_comp_a61a9ab8b678,val
OAS1_0304,OAS1_0304_MR1,vol_ad0ab9f75067,Demented,oasis1_comp_a61a9ab8b678,val
OAS1_0317,OAS1_0317_MR1,vol_a5379100c5b7,NonDemented,oasis1_comp_ab8246691569,val
OAS1_0317,OAS1_0317_MR1,vol_a5379100c5b7,NonDemented,oasis1_comp_ab8246691569,val
OAS1_0317,OAS1_0317_MR1,vol_a5379100c5b7,NonDemented,oasis1_comp_ab8246691569,val
OAS1_0317,OAS1_0317_MR1,vol_a5379100c5b7,NonDemented,oasis1_comp_ab8246691569,val
OAS1_0317,OAS1_0317_MR1,vol_a5379100c5b7,NonDemented,oasis1_comp_ab8246691569,val
OAS1_0326,OAS1_0326_MR1,vol_8ff561570671,NonDemented,oasis1_comp_2431bb5ff49d,val
OAS1_0326,OAS1_0326_MR1,vol_8ff561570671,NonDemented,oasis1_comp_2431bb5ff49d,val
OAS1_0326,OAS1_0326_MR1,vol_8ff561570671,NonDemented,oasis1_comp_2431bb5ff49d,val
OAS1_0326,OAS1_0326_MR1,vol_8ff561570671,NonDemented,oasis1_comp_2431bb5ff49d,val
OAS1_0326,OAS1_0326_MR1,vol_8ff561570671,NonDemented,oasis1_comp_2431bb5ff49d,val
OAS1_0338,OAS1_0338_MR1,vol_1d25c242144f,NonDemented,oasis1_comp_c4b819ce91dc,val
OAS1_0338,OAS1_0338_MR1,vol_1d25c242144f,NonDemented,oasis1_comp_c4b819ce91dc,val
OAS1_0338,OAS1_0338_MR1,vol_1d25c242144f,NonDemented,oasis1_comp_c4b819ce91dc,val
OAS1_0338,OAS1_0338_MR1,vol_1d25c242144f,NonDemented,oasis1_comp_c4b819ce91dc,val
OAS1_0338,OAS1_0338_MR1,vol_1d25c242144f,NonDemented,oasis1_comp_c4b819ce91dc,val
OAS1_0345,OAS1_0345_MR1,vol_32cc206b6909,NonDemented,oasis1_comp_4dc9e401e791,val
OAS1_0345,OAS1_0345_MR1,vol_32cc206b6909,NonDemented,oasis1_comp_4dc9e401e791,val
OAS1_0345,OAS1_0345_MR1,vol_32cc206b6909,NonDemented,oasis1_comp_4dc9e401e791,val
OAS1_0345,OAS1_0345_MR1,vol_32cc206b6909,NonDemented,oasis1_comp_4dc9e401e791,val
OAS1_0345,OAS1_0345_MR1,vol_32cc206b6909,NonDemented,oasis1_comp_4dc9e401e791,val
OAS1_0354,OAS1_0354_MR1,vol_4bdd15ce38a1,NonDemented,oasis1_comp_f5ff20128481,val
OAS1_0354,OAS1_0354_MR1,vol_4bdd15ce38a1,NonDemented,oasis1_comp_f5ff20128481,val
OAS1_0354,OAS1_0354_MR1,vol_4bdd15ce38a1,NonDemented,oasis1_comp_f5ff20128481,val
OAS1_0354,OAS1_0354_MR1,vol_4bdd15ce38a1,NonDemented,oasis1_comp_f5ff20128481,val
OAS1_0354,OAS1_0354_MR1,vol_4bdd15ce38a1,NonDemented,oasis1_comp_f5ff20128481,val
OAS1_0358,OAS1_0358_MR1,vol_6e4efafb7c75,NonDemented,oasis1_comp_13991fbedd3f,val
OAS1_0358,OAS1_0358_MR1,vol_6e4efafb7c75,NonDemented,oasis1_comp_13991fbedd3f,val
OAS1_0358,OAS1_0358_MR1,vol_6e4efafb7c75,NonDemented,oasis1_comp_13991fbedd3f,val
OAS1_0358,OAS1_0358_MR1,vol_6e4efafb7c75,NonDemented,oasis1_comp_13991fbedd3f,val
OAS1_0358,OAS1_0358_MR1,vol_6e4efafb7c75,NonDemented,oasis1_comp_13991fbedd3f,val
OAS1_0373,OAS1_0373_MR1,vol_2ab9bbb47307,Demented,oasis1_comp_d3f3cdb72911,val
OAS1_0373,OAS1_0373_MR1,vol_2ab9bbb47307,Demented,oasis1_comp_d3f3cdb72911,val
OAS1_0373,OAS1_0373_MR1,vol_2ab9bbb47307,Demented,oasis1_comp_d3f3cdb72911,val
OAS1_0373,OAS1_0373_MR1,vol_2ab9bbb47307,Demented,oasis1_comp_d3f3cdb72911,val
OAS1_0373,OAS1_0373_MR1,vol_2ab9bbb47307,Demented,oasis1_comp_d3f3cdb72911,val
OAS1_0388,OAS1_0388_MR1,vol_3371ffc93407,Demented,oasis1_comp_82f97499216e,val
OAS1_0388,OAS1_0388_MR1,vol_3371ffc93407,Demented,oasis1_comp_82f97499216e,val
OAS1_0388,OAS1_0388_MR1,vol_3371ffc93407,Demented,oasis1_comp_82f97499216e,val
OAS1_0388,OAS1_0388_MR1,vol_3371ffc93407,Demented,oasis1_comp_82f97499216e,val
OAS1_0388,OAS1_0388_MR1,vol_3371ffc93407,Demented,oasis1_comp_82f97499216e,val
OAS1_0400,OAS1_0400_MR1,vol_ce83254f32b8,Demented,oasis1_comp_032cb421e868,val
OAS1_0400,OAS1_0400_MR1,vol_ce83254f32b8,Demented,oasis1_comp_032cb421e868,val
OAS1_0400,OAS1_0400_MR1,vol_ce83254f32b8,Demented,oasis1_comp_032cb421e868,val
OAS1_0400,OAS1_0400_MR1,vol_ce83254f32b8,Demented,oasis1_comp_032cb421e868,val
OAS1_0400,OAS1_0400_MR1,vol_ce83254f32b8,Demented,oasis1_comp_032cb421e868,val
OAS1_0441,OAS1_0441_MR1,vol_75726d226db4,Demented,oasis1_comp_3ad052018803,val
OAS1_0441,OAS1_0441_MR1,vol_75726d226db4,Demented,oasis1_comp_3ad052018803,val
OAS1_0441,OAS1_0441_MR1,vol_75726d226db4,Demented,oasis1_comp_3ad052018803,val
OAS1_0441,OAS1_0441_MR1,vol_75726d226db4,Demented,oasis1_comp_3ad052018803,val
OAS1_0441,OAS1_0441_MR1,vol_75726d226db4,Demented,oasis1_comp_3ad052018803,val
OAS1_0443,OAS1_0443_MR1,vol_d5cd08753877,NonDemented,oasis1_comp_820af380fa9c,val
OAS1_0443,OAS1_0443_MR1,vol_d5cd08753877,NonDemented,oasis1_comp_820af380fa9c,val
OAS1_0443,OAS1_0443_MR1,vol_d5cd08753877,NonDemented,oasis1_comp_820af380fa9c,val
OAS1_0443,OAS1_0443_MR1,vol_d5cd08753877,NonDemented,oasis1_comp_820af380fa9c,val
OAS1_0443,OAS1_0443_MR1,vol_d5cd08753877,NonDemented,oasis1_comp_820af380fa9c,val
OAS1_0449,OAS1_0449_MR1,vol_63aa37bf60dc,NonDemented,oasis1_comp_49bb2dde22f7,val
OAS1_0449,OAS1_0449_MR1,vol_63aa37bf60dc,NonDemented,oasis1_comp_49bb2dde22f7,val
OAS1_0449,OAS1_0449_MR1,vol_63aa37bf60dc,NonDemented,oasis1_comp_49bb2dde22f7,val
OAS1_0449,OAS1_0449_MR1,vol_63aa37bf60dc,NonDemented,oasis1_comp_49bb2dde22f7,val
OAS1_0449,OAS1_0449_MR1,vol_63aa37bf60dc,NonDemented,oasis1_comp_49bb2dde22f7,val
OAS1_0456,OAS1_0456_MR1,vol_7273fb6e72c6,NonDemented,oasis1_comp_d56e6e792a9d,val
OAS1_0456,OAS1_0456_MR1,vol_7273fb6e72c6,NonDemented,oasis1_comp_d56e6e792a9d,val
OAS1_0456,OAS1_0456_MR1,vol_7273fb6e72c6,NonDemented,oasis1_comp_d56e6e792a9d,val
OAS1_0456,OAS1_0456_MR1,vol_7273fb6e72c6,NonDemented,oasis1_comp_d56e6e792a9d,val
OAS1_0456,OAS1_0456_MR1,vol_7273fb6e72c6,NonDemented,oasis1_comp_d56e6e792a9d,val
