seed,protocol,n_train,n_test,auroc,balanced_accuracy,f1_ad,sensitivity,specificity,brier_score,ece,train_test_subject_overlap,test_subject_contamination_pct
0,random,780,168,0.9548,0.8979,0.8837,0.8261,0.9697,0.0794,0.0664,117,99.15
0,subject_only,787,161,0.8417,0.776,0.7445,0.68,0.8721,0.1905,0.1791,0,0.0
0,component_safe,791,163,0.8672,0.7633,0.7176,0.7121,0.8144,0.1568,0.1198,0,0.0
1,random,780,168,0.9383,0.8606,0.8477,0.8312,0.8901,0.1074,0.0865,131,100.0
1,subject_only,787,165,0.8424,0.7602,0.7015,0.7705,0.75,0.1756,0.1419,0,0.0
1,component_safe,793,163,0.8524,0.7157,0.6441,0.5758,0.8557,0.1878,0.1798,0,0.0
2,random,780,168,0.9622,0.9016,0.8841,0.8841,0.9192,0.0713,0.0524,124,100.0
2,subject_only,774,169,0.7886,0.6968,0.6581,0.75,0.6436,0.2394,0.2242,0,0.0
2,component_safe,791,163,0.7919,0.7038,0.6621,0.7273,0.6804,0.2241,0.2124,0,0.0
3,random,780,168,0.9603,0.9023,0.8644,0.8947,0.9099,0.067,0.0621,124,100.0
3,subject_only,770,173,0.8153,0.7184,0.62,0.5082,0.9286,0.1648,0.1131,0,0.0
3,component_safe,793,161,0.8203,0.7346,0.6723,0.6061,0.8632,0.2117,0.2026,0,0.0
4,random,780,168,0.9826,0.9324,0.8992,0.9667,0.8981,0.0512,0.0748,117,99.15
4,subject_only,776,173,0.8766,0.8186,0.7656,0.7903,0.8468,0.1406,0.1132,0,0.0
4,component_safe,791,163,0.8252,0.6657,0.5437,0.4242,0.9072,0.1946,0.1761,0,0.0
