subject_id_hash,component_id,component_size,binary_label,scanner_field_strength,modality,split
a97a7edf080b1ff87e8252b6841303b16763cb726cb0bea88f7c05910e7dc5a5,adni_comp_00000,7,CN,1.5T,MR,val
591319a7d5e929ca711142b4a9663290a2159364555737bddefa6f579fc71ae3,adni_comp_00001,7,CN,1.5T,MR,test
b6fbbd7287d1f056c08a0be580356790b7656bce020f9626e813027d54ffd98b,adni_comp_00002,5,AD,1.5T,MR,train
590abe3b068c192eccbc48d450e63d1458ccbb431c5f28317c055c3122c77834,adni_comp_00003,6,CN,1.5T,MR,train
bc2c86f19341cd2d946e3a8fb2cbdb3d80dc4dcfc3a0afd75f0f566e08797254,adni_comp_00006,5,AD,1.5T,MR,train
cdcceff181d979bfc0622afc6ac522f5d5995a0626bc421b6acb34ef79377aba,adni_comp_00007,4,AD,1.5T,MR,train
cddfa6093b4b06570517d67ee582429945c800d404804fed3e1a82afb2c2e978,adni_comp_00010,5,CN,1.5T,MR,train
112dd4f8f9615dffb1bcfba29f64f5e957a5282fab8938290b76a496699a6a63,adni_comp_00012,5,CN,1.5T,MR,train
8eaa0b40f4ccdab209541925a976b4f33f16f043059729904663571930551f5a,adni_comp_00014,4,AD,1.5T,MR,train
20ad1808bc0d0494dd16664ad75b934000dfe3407df6ee9adc1c673e30640fe2,adni_comp_00018,5,CN,1.5T,MR,train
2555d7314b673b84a41c01b8adf87c08bd89c3fd229350f850e00e123847a43c,adni_comp_00019,5,CN,1.5T,MR,train
fb738685b2806a079a091c8689018daf899c110a59a538e03ae7b68f1b0dd852,adni_comp_00020,5,CN,1.5T,MR,train
f3868e3c70d90009a720ba5a208e0a253f9ba9b024e90edb324529f9b658bf54,adni_comp_00021,4,AD,1.5T,MR,train
91bc8511d54d6e1f6801b10514b43eb442ab64371e11c4abf62aed438a6d5f18,adni_comp_00023,4,AD,1.5T,MR,train
bbfe9b023f8752771f8da1ff09da0a0e19ab977a6893b01889e6d326e253997b,adni_comp_00024,4,AD,1.5T,MR,train
214ee49318bfb8ff1309ecaeba2c358e2dbe64078903b02887f1ba0a186eafb4,adni_comp_00027,7,CN,1.5T,MR,test
b7cd9aee988e3d3e801c9be19183a29915309c59a71656488221a91ea3389918,adni_comp_00032,5,AD,1.5T,MR,train
b3eb2230fd8d71b7cea89b988383be313bf6dbf15026068a2dcbd942071d7d45,adni_comp_00034,5,CN,1.5T,MR,train
844a57e567ecbccb90a2a21eb2a4fc5663ab7a3734f85a80cfed3a7d9b7ff101,adni_comp_00035,5,CN,1.5T,MR,train
1f14b550f7cf87122b41aa1a86139ae159758d5aed99196dbf41087eac3b9188,adni_comp_00036,4,AD,1.5T,MR,train
8a94a19bbed712f3575225819d775ea0c1b1f80d42890385781066b3c99d82ab,adni_comp_00037,7,CN,1.5T,MR,test
add71a7e6466ea6a0844c622558fdaac2024b5662a8c70c81976bea040bae068,adni_comp_00039,5,AD,1.5T,MR,test
9ca6c2f2192f72d39d1e959a0b67a1eca4168934da3ad34052d102e97e7b959e,adni_comp_00040,5,AD,1.5T,MR,test
8365f99861a0297cd8875f79356e3bcf1654818fe81b0cbf11c8f0a321a0500e,adni_comp_00041,4,AD,1.5T,MR,train
f093606dbbc5cd5c5e79b8193f8e59cee8393240e393bde35f878ea8a6ee0f62,adni_comp_00042,5,CN,1.5T,MR,train
f050ae545733ff4e7893e9d53642ab48b4ef2f08cb085c4b3f691fe45facf647,adni_comp_00043,4,AD,1.5T,MR,train
01a8ef9405002100eec019b7413ae970a96078838d40dff1a726de63c33a7d9f,adni_comp_00044,5,CN,1.5T,MR,train
a9ecf5b186e1228885f789df2ea63328b28dd5afdca207b188e7fd85eded26f2,adni_comp_00045,5,CN,1.5T,MR,train
9225ec0a40ffe54e9ccd2eca49651367c89869c14cc319575bbabe946a717004,adni_comp_00046,5,CN,1.5T,MR,train
14f72dc467962c40c9dd14ff1075f7f1994b679b3619dc48c2811931d0f94d43,adni_comp_00047,4,AD,1.5T,MR,train
ada5629ac600d44a5f5d9012ad17fba36771c70045cf5cafaced133df1e8f3fb,adni_comp_00048,4,AD,1.5T,MR,train
97ce943c5e4630347e55ca0261554d31976287f5d9afb989c2ae42230a8714a9,adni_comp_00056,8,CN,1.5T,MR,val
ab8397dec369e4fe7d077a2d1b36609390c5ed2f13658a2f874fba57aded2cf8,adni_comp_00057,7,AD,1.5T,MR,val
fc28a4b86edc07bfbee51043ead10a9354f561688a118284bdc80cf07c054e36,adni_comp_00058,6,AD,1.5T,MR,test
4e49f4d9c1020d84cb856670f46b68855ac8fb3d559f8b8c4682701ff110cf22,adni_comp_00059,8,CN,1.5T,MR,val
f1a0537c4b5eabbfdfae9cf5132f345704aef2f5edc1a7f8f352d4cce4c24c0b,adni_comp_00060,5,CN,1.5T,MR,train
641dcc1c764389879c6f9d418d31b472345b0e82e28eb4c5d564a99c268772bc,adni_comp_00061,4,CN,1.5T,MR,train
13311cd03b03b4fee5d9198f5afc8c21d7563096e648face301832f957afcaac,adni_comp_00062,5,CN,1.5T,MR,train
f0565c31ce88312afabaced5f4aa0f70734717995675250a54f4e1d33a4605ae,adni_comp_00063,3,AD,1.5T,MR,train
a9e62658a27c59d294b3be93d4bb21150ae1fa953f1b5f92275fd7c0cd6bf629,adni_comp_00065,4,AD,1.5T,MR,train
5c43ec4dd6b82728db759f83ef3069d4a4a1a5abb079b953b4d2654784e649d1,adni_comp_00066,5,CN,1.5T,MR,train
d34a620f5dc2e5692762083dc77c673c1f44221a2cf7cc9673bb4377d0e7994d,adni_comp_00067,6,CN,1.5T,MR,train
84af14ae9eeb0b707d7f982444b7a09bfc9410d73c91ab51fb7fa152257747fd,adni_comp_00070,5,CN,1.5T,MR,train
3760bacec61eef3f3486afd0a76494bcc66c4512e2515521c03d599c8bbeb911,adni_comp_00073,5,CN,1.5T,MR,train
e7a6f0a613e8148c4c36ab162ed479fd9a5ae23edbf83dfcf8862d4540d7a95c,adni_comp_00074,5,CN,1.5T,MR,train
fcc3b1a8395f697bf917e0990904a3952ff5e454eea7e7ffd646c07d46fd4732,adni_comp_00076,4,AD,1.5T,MR,train
43d30c1f7591dd1e8258b5e9c4e8fa941067380d71133c210d0427b158b05fbf,adni_comp_00079,7,AD,1.5T,MR,val
5111a92348c89120b3538b7b6ece9db4604273d67c8017fcb4d45a3b82027780,adni_comp_00080,7,AD,1.5T,MR,val
11468270a7e3a49feac3d5a3659355f1bd369205479811c959c5759a5bb606cd,adni_comp_00083,5,CN,1.5T,MR,train
bfd74d795a60c9a244635dccbc5e49bb24bff88f89e3cddc27bae2fff3ab7509,adni_comp_00085,5,CN,1.5T,MR,train
4ad783fb4c5348b0a930513131a7137f1a02a3a75b439e1feea6031aaa011af5,adni_comp_00088,5,CN,1.5T,MR,train
c89393c03e5c32014e97b0df2e2ac93d848697e82559f007a81ccea52dc2a80c,adni_comp_00089,4,AD,1.5T,MR,train
e260dcbc4b7b3ab19c1fac474b01e3f0bb60705872efe74a3b41e6fc0dee1594,adni_comp_00092,4,AD,1.5T,MR,train
2ab3f82bb49eb8e6bf4e845a7016c6fc9e9bdf13571584a6a0e0081dff14eede,adni_comp_00093,5,CN,1.5T,MR,train
9bbd13519c3f84621f9ca2ed520cd1ae6c47c5c21c27949c7e13029c8deb4489,adni_comp_00094,4,AD,1.5T,MR,train
3e227f8d397eaaff126c3a0216d67f2f53a3a1cf36c81f00f7d211dea7d6bcf4,adni_comp_00095,5,CN,1.5T,MR,train
34d8d757c67a560b2f634f53d1583e7a1bf2d56ea8474da4cb6bd5c8d873375e,adni_comp_00096,5,CN,1.5T,MR,train
b839b98bc49d3974badece59d9d7cb00f6c5f5cc0a6eb0ad36f8c8b9864a982f,adni_comp_00097,5,CN,1.5T,MR,train
c925a402302064a93e976c0182c53e5bb242cc3d12f048ff87a63482721ed2b2,adni_comp_00098,4,AD,1.5T,MR,train
ceded09e31409629614a5a22b2d4ead4b308861896a8793c69e837b63aeda17d,adni_comp_00099,5,CN,1.5T,MR,train
5fd4daee57c063ffdc0690d9e1285c3deef96653a60c2bbb16e7898643dede69,adni_comp_00104,8,CN,1.5T,MR,val
be1aa54240faad1a2c2f85a14518dda1e031c1f127ab22358a910c255063f674,adni_comp_00106,7,CN,1.5T,MR,test
46c00e0a1223ffb38032e87e38c15230b3b356a1c89c5e754ee9fe5ad6101942,adni_comp_00107,8,CN,1.5T,MR,val
5b41411f3408c6566e0df267866e60eda745703efa8a3df1b24b80bdb1160cb5,adni_comp_00108,8,CN,1.5T,MR,val
bc6483f2f512edbf5cfc08608b6e0f6d986655736a2c97599f2d989b02e4c310,adni_comp_00109,7,AD,1.5T,MR,val
14e6a30bd9c4373cfb6be1c044d05575f3d60701742d282225e104a92ef60514,adni_comp_00110,7,AD,1.5T,MR,val
b708878e6e27b8e76ea853ef86a3131deacc37ae1f244bccf7f64541aa66f211,adni_comp_00112,6,AD,1.5T,MR,test
d95ad10e3dde1b354fce59032032c3166c9de67310082425250a96101d8a0021,adni_comp_00120,6,AD,1.5T,MR,test
ef288ebb468889a9eca7024e0fd1ae0f447a5ba47c046e16e5aa1aaff918ce68,adni_comp_00121,7,CN,1.5T,MR,test
931297cbab26cfe65fd63096427d2a831b7ff6026d326e9bc1c894cff981f053,adni_comp_00122,7,CN,1.5T,MR,test
cf6d49affc4953617a2a22cb7cd31e7d8d67aa33436cf4528d503d919efd1e7d,adni_comp_00124,6,CN,1.5T,MR,train
0dc6db161fa1be4d67b7b60df11464f45c1339ae68709a539d625d3f35c7d719,adni_comp_00125,5,AD,1.5T,MR,train
c66152f03d5005ac1d8d89695a9a33ebc1518833d8952bd64e514d5b7bbe932b,adni_comp_00126,5,CN,1.5T,MR,train
2ddc2347da15dd745cf43ba76bfa009423ac78660e012a3580ad24d498f4965e,adni_comp_00128,4,AD,1.5T,MR,train
37a3bd77cb9d30fa23cec6be0e016422ef84815b0a299dcc96896346cc0d06d5,adni_comp_00129,4,AD,1.5T,MR,train
c9bde167baedbd88b2835435a3af37f9c6a72c4c50fb3f38a37aa79d6666dfeb,adni_comp_00130,6,CN,1.5T,MR,train
3da5964d8afdf63aecd3a4517395e7edcf144cb0437acdf8f440777df09ced7e,adni_comp_00132,6,CN,1.5T,MR,test
4913961fd58cf110cb182200e2874e9b7f37345e06d0557bf3382c9c5a4e41ae,adni_comp_00133,6,CN,1.5T,MR,test
4f51bd3686ad63c25a5b14b052a46b6af8e03ac09da6f72a537d73354cbf08ca,adni_comp_00137,5,CN,1.5T,MR,train
1f01c105fb07eae0804ae2efedfddf8c5814ce29f70908108c9a6b5ddb88a70a,adni_comp_00138,4,AD,1.5T,MR,train
c189c9ba845487c4d0875385fe7336aaa7f1d25e984e1a76ff666139b7373762,adni_comp_00142,4,AD,1.5T,MR,train
25ee81e4ed010c387aa38bf92a2da72b6071106491be1d15c850f5b280687d19,adni_comp_00144,4,AD,1.5T,MR,train
c14c2bf18241284de0cf45d16396c5b67fd05af43fb51e539b182bacb4a3dd6c,adni_comp_00145,4,AD,1.5T,MR,train
0f3d7ffaf3484b2abbec2d3029eaed7077ab72875055b372dfd90e16f4368092,adni_comp_00146,4,AD,1.5T,MR,train
66d5db5557169621a4bcbae36123685f0eac04d9b5e3bb42a28be40429f1f93f,adni_comp_00147,4,AD,1.5T,MR,train
1bb51ef462ec089e750cd225c4ba0f989a61c325fac22d93576ebd9f3e166fc0,adni_comp_00148,5,CN,1.5T,MR,train
26a0ebbc042affb2691dfda57295e8f52ebf6319e114ef8b4506a53e4b121b9d,adni_comp_00150,5,CN,1.5T,MR,train
d01175e90a78f200af8638ecd5828ac60ed02b77db398e2bcc0a88e57d2221f6,adni_comp_00151,5,CN,1.5T,MR,train
d4d0cb2834449584f38d670f1349ed9ef0e2f723a0a96e62d6faf3550480d103,adni_comp_00154,4,AD,1.5T,MR,train
c83a36192fbf7a77ef86c89113c95d604bb1ac43f67f0d66d8dd18754559cce1,adni_comp_00158,4,AD,1.5T,MR,train
b85193306fb7b9742e5f40ba95cbfeb397f4bd2576c78c3fc37f3232131d0093,adni_comp_00159,6,CN,1.5T,MR,test
2011a5599804afba3c524fe230c865a3c6abe6b8d8135fa76bcbde3745c03044,adni_comp_00160,5,AD,1.5T,MR,train
119f86ed8edc6caedc57e3ace6bd5a4e38aa8f9fe47c3bca46d62b5fa2be686e,adni_comp_00162,7,AD,1.5T,MR,val
3a883921906b38ca95aa99ff8a880470c886d3b3fabbe969e787f1f55790cc57,adni_comp_00163,8,CN,1.5T,MR,val
7c17ead471b364f40ac43827db08c50fb88a8e40fbd5f31076e586090e6d0e15,adni_comp_00166,6,CN,1.5T,MR,train
309954f1c2693ca9254a088c97c1747c0eaa0329d85c391193a2a4eaf8a73fb6,adni_comp_00169,5,AD,1.5T,MR,test
46f53c1a053f28c2c3a2f8e24647326d7d3c10673d523f28a17172e07dcb29da,adni_comp_00170,5,AD,1.5T,MR,train
37d2a506c8cdbdda8bdaa8c84643e81acde818515effdad42f77f2ddfdd5fffe,adni_comp_00171,6,CN,1.5T,MR,test
06b29c5e0b5cfc1e2e54b0f1babf329633c76a656a1a2466a5e5b3f341028fcd,adni_comp_00173,6,CN,1.5T,MR,train
c9d10a2dc7a72ae7e7167007abba06eafdfec6bb46a501f93d507e2a943e8cac,adni_comp_00174,4,AD,1.5T,MR,train
bc9f49904e160703c91c5594c8b34acc2447ebeb697fc4dedd032c820a3f5a96,adni_comp_00176,5,CN,1.5T,MR,train
d36a9cf1867b0730710c9271ef1a5aff572f6839c1bfe9595c97c084e4223fd5,adni_comp_00178,5,CN,1.5T,MR,train
aa9567c9e8ff01bc94517ea539cf06f9d1078d94d2e663090c115d408f44d825,adni_comp_00179,5,CN,1.5T,MR,train
4625c7943d98d165779fb581d66b00dc0e90635af75f88ebc6b37baea2a41872,adni_comp_00180,5,CN,1.5T,MR,train
5fefcbdd32a763cdba397704314913dccc84cd05c3517651926188ce50993cf5,adni_comp_00181,4,AD,1.5T,MR,train
f3a00d7c7eaae3df5753a9eb5f5b249baee9c2575ceed7d440b6fe1342ef1cad,adni_comp_00182,4,AD,1.5T,MR,train
19fb6414d02619492289de1a81e4c2996edc061ee220fb2df5ff4262ab4de412,adni_comp_00183,4,AD,1.5T,MR,train
63e1c5d7c3ea8686cfeea923c59dc502ea44c68f29a667f7950c3b4cd0568d42,adni_comp_00184,4,AD,1.5T,MR,train
8fb082e19673b8143552b9985b48c39ef704e6d16db8826180e53c40ac71240a,adni_comp_00186,5,CN,1.5T,MR,train
331596974b6a885d2e26c906b65b6da06ed341624dc3924b74346de717b07a66,adni_comp_00187,5,CN,1.5T,MR,train
d876374a138707a87080891a3c9da03c236564a5e99f403d93645b2e7668e8db,adni_comp_00190,4,AD,1.5T,MR,train
9a83af551eebf8051dd9896501b7fd9e2047eb31c6b5f18ff953ee6a53aa4b7f,adni_comp_00191,5,CN,1.5T,MR,train
aa766d4664e5e4411a2ec9fcfcfabc22c7ff92a7869f6b0b2f569d48904dedfe,adni_comp_00193,4,AD,1.5T,MR,train
0940574403fc5870f4cd2467a8954fc8a05f5638b248e0d28993e2e2d9be016b,adni_comp_00195,5,CN,1.5T,MR,train
c33dc7d9aa77d1a38272c46a9a36a5c756a4bafb35f8e40b1a26cc3d76abf7ea,adni_comp_00197,4,AD,1.5T,MR,train
7a3ab0bbe5aecaaf3233900b33c5fa212505d12997bfc7142bb8dc70733302f0,adni_comp_00198,4,AD,1.5T,MR,train
4ba98b3db934e587198e5260004e4b3229361f1fa3387d99dee3d80781089f9e,adni_comp_00199,5,CN,1.5T,MR,train
911aa57560ce75881e7225a6376f724f38062fc2f87610f198fcb4e2100cd4f2,adni_comp_00202,5,CN,1.5T,MR,train
32896d91795130e7b030ff92bdbd4dd3b40a575a1086bffe1402cffde22599dc,adni_comp_00204,5,CN,1.5T,MR,train
6cdd714518b50af1079425d8e404bbbcc611784df2074c4351fb5635d6b23242,adni_comp_00205,5,CN,1.5T,MR,train
88657798b3d6b09c46beea2ed1bdddfc56943a23954af40bc3cb6f01e48d3902,adni_comp_00206,5,CN,1.5T,MR,train
230ae5eeb8e48070b6b5f30bafffa708e17fd91ddc18ec51fc3149c8eb9880cb,adni_comp_00210,5,CN,1.5T,MR,train
1be9b7727696d04132ef081518d1c6e5b629657d228ca077f1a11279b54f3e2a,adni_comp_00211,5,CN,1.5T,MR,train
d83444e1a76a2c9d800b2d9e94a89f8c3c01a58a4fd7bdf8ef73f1217eff4842,adni_comp_00215,5,CN,1.5T,MR,train
473a4269b3598ec18e584b4333eaa54b58b3490dddd4301152b704a703c80aac,adni_comp_00218,4,AD,1.5T,MR,train
fb4050a478539c879b19592ffa455fe502e73d19df69032d392a110dde0a598c,adni_comp_00221,5,CN,1.5T,MR,train
6339080c9a9a791bd8816fbb61dd71868bd4ca7cd7c3cc4e26805b51fb1c39a0,adni_comp_00223,4,AD,1.5T,MR,train
91ff4db6946482e83d37bdda4e448ba9f5d630b4872b07d32669c1027f850893,adni_comp_00225,6,CN,1.5T,MR,train
88946fcc9d7749aedd666a0fd57ceda8696dbad54c49759f4e4d19349630ee45,adni_comp_00227,5,CN,1.5T,MR,train
42126c529bd638d167c7db73ad019e5d236c8ef20c400cff54979c0dca4205f1,adni_comp_00228,5,CN,1.5T,MR,train
7804873619c30e8c0da482d444a25ea060d5b33c79fa9c7ee9cd755a9bb99214,adni_comp_00236,4,AD,1.5T,MR,train
39ef898ebd50a427fd9cc6397a3bfd70f62d4948f1d3af343e455882428af4a7,adni_comp_00237,5,CN,1.5T,MR,train
e0eb282b5924cec2511dbb0fa1f9ebd63870466b32300dc45f20ddd59fd254cf,adni_comp_00239,5,CN,1.5T,MR,train
6587235d75210fa6427d798a1f943cab1c79132213d76625990d352cffb95d4d,adni_comp_00241,5,CN,1.5T,MR,train
11513d59fc16ea42d500d8eeeb67ba7dd133ef97f22fff73b555c8b8d7a6a867,adni_comp_00245,4,AD,1.5T,MR,train
15eb55b201b09881a3bca880b79bf456b5f959227091235c62415de773867a16,adni_comp_00246,4,AD,1.5T,MR,train
9cbce34d74998e0ff8d20bdbeb0194ad70647a797c47168f518c64ffe3e8a54f,adni_comp_00247,4,AD,1.5T,MR,train
4a4ce9e2133f55bc1bab16aca078fea016e7fc493dccf1fc79adf7c0184c6722,adni_comp_00248,4,AD,1.5T,MR,train
b9e6739a6555381ff1466cf314ca5139b4d3c306e7bdf26e387b3982ba4266cf,adni_comp_00249,4,AD,1.5T,MR,train
49726a2dab88b248841e35a44d2670a8276289ca94e867d09ac618cbb6588ec0,adni_comp_00250,4,AD,1.5T,MR,train
ad6ad9db170ac70cbe38794f584248521460885ac18f56362b1e87332cb6f18c,adni_comp_00251,4,AD,1.5T,MR,train
7c5170b0f25fabaa55d7959480d493f705ea912972a946dc86008ddbb06cbf38,adni_comp_00254,6,AD,1.5T,MR,test
0fefeea4738720b91a27fa5e84f8617efabaa88dcb721dfff1a36c6fe6c97e8b,adni_comp_00255,6,AD,1.5T,MR,test
b22b197781a48324ca0d4e83b1b82ff559c025f22e91e484b0207c7ec6feaeae,adni_comp_00256,7,CN,1.5T,MR,test
92eeb130f7bd4614962e58cbd59ed1d23b0e3581ab610522262cc5449005a435,adni_comp_00257,6,AD,1.5T,MR,test
409130d394bdce7e1c8d44efac58d07ae645ecdca1b5f9236c66249368840493,adni_comp_00258,7,CN,1.5T,MR,val
bafec8ec3aec536043ae5027c851241b30e643fefce5579370b2dd14c8199f74,adni_comp_00260,7,CN,1.5T,MR,val
af02d33ce57a236da2f7aa5af74caf3c4990c932d6cb649a84fb1b6e80e65270,adni_comp_00261,7,CN,1.5T,MR,test
4be35cd77fe3189e834915ee7db9124814c5fd35e532b33c503cbab3da93b055,adni_comp_00262,6,CN,1.5T,MR,test
80e7420d18293e187918ca33b5fd29f279031fd7b0b3a5849c0b4eb5d25e70e3,adni_comp_00263,5,AD,1.5T,MR,train
e0b505ec1bc05999abb98244903e512cfb3eef95d9716585afd8ff3b7d25ebca,adni_comp_00265,5,CN,1.5T,MR,train
4585485e534aaa0be0c8acd37b5ba1b8165b8d09416c2a2744313271a5833ba7,adni_comp_00266,5,CN,1.5T,MR,train
5207142c21b4148130af8a72f0682725fe6e22b5fe810338e9789ba7eb251935,adni_comp_00268,4,AD,1.5T,MR,train
a90fcf0cbad10b8bb6023e845e5eab11d706dd797578bcb345fa4ad8714e6787,adni_comp_00271,5,CN,1.5T,MR,train
d39753569a7d8831e5b5fa5fd731c55a430e5e9b3cc835b0e8ad9b5b2d4a1a89,adni_comp_00272,4,AD,1.5T,MR,train
f0c7b9f666b285dd40a64d9169ffcbf0f8cbea7545c75979f8093457df51d6c8,adni_comp_00274,5,CN,1.5T,MR,train
d2aaebf7b7381c546981e124340db0963dccb01b910b1a22bf67b9636a890dde,adni_comp_00275,5,CN,1.5T,MR,train
2833fb8d6acec63d8bcaf216d8317704b2833cfb8a3351315295406dc6732dbc,adni_comp_00278,5,CN,1.5T,MR,train
f6feb3e9dfbc2025ae176a44985279b8e04b2b38ade73a29bdb09987347a8ecf,adni_comp_00279,5,CN,1.5T,MR,train
4431733f55e4a7ab21734d2cc564d3abece3b62e8a3396e26b2b75311bb5316c,adni_comp_00281,5,CN,1.5T,MR,train
aa26f722c4f940de64fc3e53840a05c7493bf3348007178cf681676f31736cd9,adni_comp_00283,5,CN,1.5T,MR,train
105ad00664d4afeee408467e9c353cb6a61cdec606386346fc292c6236244c2f,adni_comp_00284,4,AD,1.5T,MR,train
e657a76eaeb1aa99375282b810ccef09f596aaadcbbd9057cb7bb440b8e18671,adni_comp_00285,4,AD,1.5T,MR,train
13940b10e1b2f577d3a81a26d27dd84b7431d489a951175ee58e6cab86e8c705,adni_comp_00286,5,CN,1.5T,MR,train
bf1a5ca86601b04b3cd4361ef79c10374734cd393e0362791b9fda5bc2725299,adni_comp_00287,5,CN,1.5T,MR,train
a9e4a45ac43bb45a768c5bd3f7a9b27b42a05bca596dff6db772150a59900349,adni_comp_00290,4,AD,1.5T,MR,train
d4646f7ccf199e4fef6c79a4bd2531ac19ed1b18b1ed295ba535f5aa1746a057,adni_comp_00291,5,AD,1.5T,MR,train
4c07d6d8f6d16540393519dc70f3bd05d094935884e8589e44ec14047d2bf8e9,adni_comp_00292,5,CN,1.5T,MR,train
386f5ce7479d0a45eeaa82776899a99391ec8eb63ca1f40180103c3a9e5ef69c,adni_comp_00293,5,CN,1.5T,MR,train
9480c9c14ea14aef3e74da1ab4689961853c3d83d5a82e726d57ae5c84b16b74,adni_comp_00294,4,AD,1.5T,MR,train
af2344b04edb6a6c61d3859746deebdc39ba201c8036a3f4a6864239e048e9d4,adni_comp_00296,5,CN,1.5T,MR,train
4e72e4cb943ce4891c7f5017816b9c39526679949cbccf60862a5724cf48e39b,adni_comp_00297,5,CN,1.5T,MR,train
c525e216af8212dd813ddcd7e15ff5915020102b523093dc668433a94f45632f,adni_comp_00298,4,AD,1.5T,MR,train
0899a030fd429a4cefbdb6e28fcc1c449c3a8af7f0dbd57f0dc1624b3f4cb6e2,adni_comp_00302,4,AD,1.5T,MR,train
cf5b065ed215a4bf3140be03829d6bb2b0a58a61d9178e39feeef9d0ac83d19d,adni_comp_00303,5,CN,1.5T,MR,train
f0089039f77c21f77cf0d7d6fc82e345e95a4457b047949b8d0e34de634475ba,adni_comp_00304,4,AD,1.5T,MR,train
dfd52cc065742d57cef4f3e67ade60b789dbd34ecd857d2894ae34c8b28da962,adni_comp_00305,4,AD,1.5T,MR,train
36bab2e8bf42337e09a7a5e5edb9647409d13b48bfd5e425239b229ef8c66b32,adni_comp_00306,5,CN,1.5T,MR,train
14cecfdcb5afa4dbcc4d2a22d4d2d7f622ab9bc9bfcb31f4f0098c7aa74686d5,adni_comp_00308,5,CN,1.5T,MR,train
b0e1a6b08dd8968c9a188c35736de494e8b588a5b4cdfda2f1f18131d296b57f,adni_comp_00311,5,CN,1.5T,MR,train
ed05a2a6c761a3f29dc1e3d01db186e61210b9bf89a5a38607cb7b86af49bc74,adni_comp_00312,5,CN,1.5T,MR,train
c0f17bf46679ea593ad34d258cf2658ceac21128bd0fad2c1fc96fb068da7087,adni_comp_00315,7,AD,1.5T,MR,val
441a86819f815983ba9d6cf2f3df2c3dfefbf1526601e1dc15821c5bae773494,adni_comp_00316,7,AD,1.5T,MR,val
5fc8a71bddb27d80fbc6e74284eedafe743f9d129819b1d3fe67e95824639a33,adni_comp_00319,8,CN,1.5T,MR,val
46e94b3c3bcfa72d10f48a094f128a4b8a79307f4c762a32b1b534458f725f5e,adni_comp_00321,5,CN,1.5T,MR,train
a4aeb4a3befdcdc3980360822475b5d0a75569b39a611830dd7b9ed1ddaec0f3,adni_comp_00322,5,CN,1.5T,MR,train
3eefcfe11777dc6652d41d5a38c68f844845d595826ec564e64f55de8363280d,adni_comp_00324,4,AD,1.5T,MR,train
2ef75ce7d96239fa294470f39a31f9bc93f6593656c33f2be42c99fc811d0ee3,adni_comp_00326,4,AD,1.5T,MR,train
275e078869c495b9c6660b474b35983cb31463890dd06cbb776792720e7f6723,adni_comp_00327,4,AD,1.5T,MR,train
ff14050ccfeae5c7bbff6ee377cbe46217669928559665d33ef828ee25354473,adni_comp_00329,5,CN,1.5T,MR,train
03d19d9379434c9de2e23d1e1921ca2ce388c339cb5e849d4bdc237058ab845d,adni_comp_00330,5,CN,1.5T,MR,train
78822205cb84d4223ac66d497efe265a72ed0901c0568114389c94eb537c7a82,adni_comp_00332,4,AD,1.5T,MR,train
c38ab69f262e42aabba5f94e53efcbd6f9b62c628d7c18e86fce56d4be9c44a3,adni_comp_00333,5,CN,1.5T,MR,train
c18d38c761f85978c05ce92ec924f25111d29f1b060713daf37b52b4de4e4a86,adni_comp_00334,4,AD,1.5T,MR,train
fa6ada912aa39377ebf845509381914c1e48fb36890ac63c4d6dfcc2d0d7acb6,adni_comp_00335,4,AD,1.5T,MR,train
90071942264079f9abb76df315b976673fc58937a35e5a424713e7abc452b1f0,adni_comp_00339,4,AD,1.5T,MR,train
e191aff0f2e7969cb3a9bc2b05b0865fc6b7954808dc0dc88c835476aaae1705,adni_comp_00341,5,CN,1.5T,MR,train
f73031578d8c1f4cca117bd78d7fcea3dea9eb6af6bb8ce5231644afd48efba7,adni_comp_00343,5,CN,1.5T,MR,train
3f34a4e61b98fcb6537d211add98d12ae2d7d51c94ee97a9ea65dda1f11bac58,adni_comp_00345,5,CN,1.5T,MR,train
07a6560b43abc9c633e7f52b5628c49812acda72fea1655cb027e411e1b2edea,adni_comp_00346,4,AD,1.5T,MR,train
6e61f6f395b48eb74221b8106f593d151f463f10a7f499d49fb014eb70d9fa08,adni_comp_00347,4,AD,1.5T,MR,train
d3bb6c375c0c0927b7bb75d74715abf25a5c31d4a2a83f70604777a7e5c3c5bc,adni_comp_00348,5,CN,1.5T,MR,train
a5f4c5114769788fa1a245d87b505d6cb905edb9f2afbb71817517b6ac6d3d8e,adni_comp_00350,9,CN,1.5T,MR,val
8b29f8e78216b773eebf9ffd046c2499a5b4e8eb3d7015e9b201a22766266d6d,adni_comp_00351,9,CN,1.5T,MR,val
5e3b6cd89dad121e3571ae8a167fcecddada114f64603d7f586f40963ceef865,adni_comp_00352,7,AD,1.5T,MR,val
fbf8fdc9a489a6084f9a1884950daf999f9b7c58a7dbb38a0dffc6b0a295d509,adni_comp_00353,6,CN,1.5T,MR,train
57dc0604a3ae524d702b36149066272a5e8421fa1c89cf4ea0552af2a5c06c09,adni_comp_00355,7,CN,1.5T,MR,val
dc3ed13ba2a4d1de2641316381de133b509011952a5cf2b4ba23a11d4003ae94,adni_comp_00356,7,CN,1.5T,MR,test
87ffb5686c888d80603755fb48dbe1b0938c6d51759e0d7661a66cea8ea1abcd,adni_comp_00357,6,CN,1.5T,MR,test
0f14e5ee18b101d98514d52ac33f3755ce7a1c707807013bd2d7df8b3f536588,adni_comp_00358,5,AD,1.5T,MR,test
f8a614ad87c749ab7f75789b14d7ab8bef80e03873f9f6bc95af556c64b4985a,adni_comp_00359,5,AD,1.5T,MR,test
f0dbc1a6add51aa990c712e780ee8b5d8cfc9a99944bc75b715a4108ea38a666,adni_comp_00360,5,AD,1.5T,MR,test
44f7c85b0a46a4f667eb17d58b49bd74b0f300587740cfe2d4cd8780295f3af5,adni_comp_00363,5,CN,1.5T,MR,train
bc5c060ebb6461aeff42bbb3eab7576c6601c6603505e1cbca18a6da498d6d82,adni_comp_00364,5,CN,1.5T,MR,train
60162c082306aea32d11cc579743035114d681f6aa19af5143a41ca928057ee2,adni_comp_00365,4,AD,1.5T,MR,train
8aa6a97a87f532caeddecddea85cbbc2fb923156f8b2ede3d452c9e9a732aa78,adni_comp_00367,5,CN,1.5T,MR,train
b11dd0e0d7427b872eb8a322e4102dc651737360ad9c117369a8921d6f5f796e,adni_comp_00371,5,CN,1.5T,MR,train
6052add22f0cf4a4b5f3e8463188b2c4b84f47d664f28ad5f7948c6b40dc76d4,adni_comp_00373,4,AD,1.5T,MR,train
9b1fa9af50cb0cd0e8fbf3d3c1282c3df919336124f16d6007fdfc59aa5f6f9a,adni_comp_00375,5,CN,1.5T,MR,train
00d312e4727e83169464cf7848a6b740ba5602737fff19767141127cfe0ab5f8,adni_comp_00378,4,AD,1.5T,MR,train
